"seed","roi","roi_label","network","dz_primary","sign_primary","n_dir","n_dir_noGSR","converge_S0","sign_match_GSR"
"AMY",1,"LH_Vis_1","Vis",0.296929759770776,1,4,4,FALSE,FALSE
"AMY",2,"LH_Vis_2","Vis",0.293763946961897,1,3,3,FALSE,FALSE
"AMY",3,"LH_Vis_3","Vis",0.424812728770513,1,3,3,FALSE,FALSE
"AMY",4,"LH_Vis_4","Vis",0.0962124949941241,1,3,3,FALSE,FALSE
"AMY",5,"LH_Vis_5","Vis",-0.130834217583921,-1,6,6,TRUE,FALSE
"AMY",6,"LH_Vis_6","Vis",0.105945673644481,1,3,3,FALSE,FALSE
"AMY",7,"LH_Vis_7","Vis",-0.086349758143072,-1,3,3,FALSE,FALSE
"AMY",8,"LH_Vis_8","Vis",0.313352796862547,1,4,4,FALSE,FALSE
"AMY",9,"LH_Vis_9","Vis",0.0139956271251461,1,4,4,FALSE,FALSE
"AMY",10,"LH_Vis_10","Vis",0.0846065935721347,1,4,4,FALSE,FALSE
"AMY",11,"LH_Vis_11","Vis",0.532759386121266,1,5,5,FALSE,FALSE
"AMY",12,"LH_Vis_12","Vis",0.136977173366168,1,3,3,FALSE,FALSE
"AMY",13,"LH_Vis_13","Vis",0.210583470656509,1,4,4,FALSE,FALSE
"AMY",14,"LH_Vis_14","Vis",0.320281651432223,1,6,6,TRUE,FALSE
"AMY",15,"LH_SomMot_1","SomMot",0.602963180994107,1,5,5,FALSE,FALSE
"AMY",16,"LH_SomMot_2","SomMot",0.372824370287401,1,5,5,FALSE,FALSE
"AMY",17,"LH_SomMot_3","SomMot",0.315590720546257,1,7,6,TRUE,TRUE
"AMY",18,"LH_SomMot_4","SomMot",0.391662581960453,1,6,6,TRUE,FALSE
"AMY",19,"LH_SomMot_5","SomMot",0.236629976228975,1,6,5,TRUE,TRUE
"AMY",20,"LH_SomMot_6","SomMot",-0.13552263731552,-1,7,6,TRUE,TRUE
"AMY",21,"LH_SomMot_7","SomMot",0.0189493214252465,1,4,4,FALSE,FALSE
"AMY",22,"LH_SomMot_8","SomMot",0.154732692611931,1,4,4,FALSE,FALSE
"AMY",23,"LH_SomMot_9","SomMot",0.199543619609368,1,5,5,FALSE,FALSE
"AMY",24,"LH_SomMot_10","SomMot",0.307609405704944,1,5,5,FALSE,FALSE
"AMY",25,"LH_SomMot_11","SomMot",0.541283933235429,1,4,4,FALSE,FALSE
"AMY",26,"LH_SomMot_12","SomMot",0.214800271549645,1,5,5,FALSE,FALSE
"AMY",27,"LH_SomMot_13","SomMot",0.239454285719257,1,7,6,TRUE,TRUE
"AMY",28,"LH_SomMot_14","SomMot",0.215578527150541,1,6,5,TRUE,TRUE
"AMY",29,"LH_SomMot_15","SomMot",0.0622608443959093,1,4,4,FALSE,FALSE
"AMY",30,"LH_SomMot_16","SomMot",0.430148063656635,1,4,4,FALSE,FALSE
"AMY",31,"LH_DorsAttn_Post_1","DorsAttn",0.174991004461352,1,3,3,FALSE,FALSE
"AMY",32,"LH_DorsAttn_Post_2","DorsAttn",0.537420042776834,1,5,5,FALSE,FALSE
"AMY",33,"LH_DorsAttn_Post_3","DorsAttn",0.732133922210742,1,7,6,TRUE,TRUE
"AMY",34,"LH_DorsAttn_Post_4","DorsAttn",0.526602923310942,1,5,5,FALSE,FALSE
"AMY",35,"LH_DorsAttn_Post_5","DorsAttn",0.445594358093148,1,5,5,FALSE,FALSE
"AMY",36,"LH_DorsAttn_Post_6","DorsAttn",0.665865726744588,1,6,6,TRUE,FALSE
"AMY",37,"LH_DorsAttn_Post_7","DorsAttn",0.898063689109764,1,7,6,TRUE,TRUE
"AMY",38,"LH_DorsAttn_Post_8","DorsAttn",0.637787623924022,1,7,6,TRUE,TRUE
"AMY",39,"LH_DorsAttn_Post_9","DorsAttn",0.691253240839904,1,7,6,TRUE,TRUE
"AMY",40,"LH_DorsAttn_Post_10","DorsAttn",0.794168804182099,1,7,6,TRUE,TRUE
"AMY",41,"LH_DorsAttn_FEF_1","DorsAttn",0.587621190367894,1,6,6,TRUE,FALSE
"AMY",42,"LH_DorsAttn_FEF_2","DorsAttn",1.12772502166139,1,7,6,TRUE,TRUE
"AMY",43,"LH_DorsAttn_PrCv_1","DorsAttn",0.820762064864286,1,7,6,TRUE,TRUE
"AMY",44,"LH_SalVentAttn_ParOper_1","SalVentAttn",0.44335856349884,1,5,5,FALSE,FALSE
"AMY",45,"LH_SalVentAttn_ParOper_2","SalVentAttn",0.410248469077476,1,5,5,FALSE,FALSE
"AMY",46,"LH_SalVentAttn_ParOper_3","SalVentAttn",1.06884480691203,1,7,6,TRUE,TRUE
"AMY",47,"LH_SalVentAttn_FrOperIns_1","SalVentAttn",0.570551011584831,1,5,5,FALSE,FALSE
"AMY",48,"LH_SalVentAttn_FrOperIns_2","SalVentAttn",1.00380537636649,1,7,6,TRUE,TRUE
"AMY",49,"LH_SalVentAttn_FrOperIns_3","SalVentAttn",0.530170783820785,1,7,6,TRUE,TRUE
"AMY",50,"LH_SalVentAttn_FrOperIns_4","SalVentAttn",0.752746567572195,1,7,6,TRUE,TRUE
"AMY",51,"LH_SalVentAttn_PFCl_1","SalVentAttn",0.838022821806198,1,7,6,TRUE,TRUE
"AMY",52,"LH_SalVentAttn_Med_1","SalVentAttn",0.863639352401749,1,7,6,TRUE,TRUE
"AMY",53,"LH_SalVentAttn_Med_2","SalVentAttn",0.908120282106096,1,7,6,TRUE,TRUE
"AMY",54,"LH_SalVentAttn_Med_3","SalVentAttn",0.396453803876785,1,6,6,TRUE,FALSE
"AMY",55,"LH_Limbic_OFC_1","Limbic",0.454547629834374,1,4,3,FALSE,TRUE
"AMY",56,"LH_Limbic_OFC_2","Limbic",0.318982523129057,1,3,3,FALSE,FALSE
"AMY",57,"LH_Limbic_TempPole_1","Limbic",0.366037184553605,1,7,6,TRUE,TRUE
"AMY",58,"LH_Limbic_TempPole_2","Limbic",0.133190584531126,1,2,2,FALSE,FALSE
"AMY",59,"LH_Limbic_TempPole_3","Limbic",0.0768925241364758,1,7,6,TRUE,TRUE
"AMY",60,"LH_Limbic_TempPole_4","Limbic",1.09877654414691,1,4,4,FALSE,FALSE
"AMY",61,"LH_Cont_Par_1","Cont",1.19036026351933,1,7,6,TRUE,TRUE
"AMY",62,"LH_Cont_Par_2","Cont",0.610896459933271,1,5,5,FALSE,FALSE
"AMY",63,"LH_Cont_Par_3","Cont",0.862928662804219,1,6,6,TRUE,FALSE
"AMY",64,"LH_Cont_Temp_1","Cont",0.369284356995984,1,2,2,FALSE,FALSE
"AMY",65,"LH_Cont_OFC_1","Cont",0.723109686106056,1,6,5,TRUE,TRUE
"AMY",66,"LH_Cont_PFCl_1","Cont",0.755622816916773,1,7,6,TRUE,TRUE
"AMY",67,"LH_Cont_PFCl_2","Cont",0.541174092360947,1,6,6,TRUE,FALSE
"AMY",68,"LH_Cont_PFCl_3","Cont",1.0865095391394,1,7,6,TRUE,TRUE
"AMY",69,"LH_Cont_PFCl_4","Cont",0.415745986985058,1,5,5,FALSE,FALSE
"AMY",70,"LH_Cont_PFCl_5","Cont",0.355326690222985,1,5,5,FALSE,FALSE
"AMY",71,"LH_Cont_pCun_1","Cont",0.731354020590953,1,5,5,FALSE,FALSE
"AMY",72,"LH_Cont_Cing_1","Cont",0.737444235269896,1,7,6,TRUE,TRUE
"AMY",73,"LH_Cont_Cing_2","Cont",0.35244490655886,1,6,5,TRUE,TRUE
"AMY",74,"LH_Default_Temp_1","Default",0.0681339690799666,1,6,5,TRUE,TRUE
"AMY",75,"LH_Default_Temp_2","Default",0.2431593429213,1,5,4,FALSE,TRUE
"AMY",76,"LH_Default_Temp_3","Default",0.144794368337592,1,4,4,FALSE,FALSE
"AMY",77,"LH_Default_Temp_4","Default",0.205920525390276,1,4,4,FALSE,FALSE
"AMY",78,"LH_Default_Temp_5","Default",0.158872987229585,1,3,3,FALSE,FALSE
"AMY",79,"LH_Default_Par_1","Default",0.853720210483351,1,4,4,FALSE,FALSE
"AMY",80,"LH_Default_Par_2","Default",0.540497308735102,1,5,5,FALSE,FALSE
"AMY",81,"LH_Default_Par_3","Default",0.870637501500415,1,6,6,TRUE,FALSE
"AMY",82,"LH_Default_Par_4","Default",0.511186706588155,1,5,5,FALSE,FALSE
"AMY",83,"LH_Default_PFC_1","Default",0.147697348733023,1,3,3,FALSE,FALSE
"AMY",84,"LH_Default_PFC_2","Default",0.102821663731544,1,3,3,FALSE,FALSE
"AMY",85,"LH_Default_PFC_3","Default",0.315194905079177,1,7,6,TRUE,TRUE
"AMY",86,"LH_Default_PFC_4","Default",-0.0363393538304844,-1,5,4,FALSE,TRUE
"AMY",87,"LH_Default_PFC_5","Default",0.467324067512656,1,5,5,FALSE,FALSE
"AMY",88,"LH_Default_PFC_6","Default",0.497180591630534,1,5,5,FALSE,FALSE
"AMY",89,"LH_Default_PFC_7","Default",0.494281604835529,1,5,5,FALSE,FALSE
"AMY",90,"LH_Default_PFC_8","Default",0.692216711755918,1,7,6,TRUE,TRUE
"AMY",91,"LH_Default_PFC_9","Default",0.299600824927094,1,6,5,TRUE,TRUE
"AMY",92,"LH_Default_PFC_10","Default",0.534795255004948,1,7,6,TRUE,TRUE
"AMY",93,"LH_Default_PFC_11","Default",0.574323974836733,1,7,6,TRUE,TRUE
"AMY",94,"LH_Default_PFC_12","Default",0.402174119778876,1,6,6,TRUE,FALSE
"AMY",95,"LH_Default_PFC_13","Default",0.344324148500355,1,7,6,TRUE,TRUE
"AMY",96,"LH_Default_pCunPCC_1","Default",0.310511363180251,1,5,5,FALSE,FALSE
"AMY",97,"LH_Default_pCunPCC_2","Default",0.169497838690573,1,4,4,FALSE,FALSE
"AMY",98,"LH_Default_pCunPCC_3","Default",0.407689240179351,1,6,6,TRUE,FALSE
"AMY",99,"LH_Default_pCunPCC_4","Default",0.53906785408148,1,5,5,FALSE,FALSE
"AMY",100,"LH_Default_PHC_1","Default",0.348693859645512,1,4,4,FALSE,FALSE
"AMY",101,"RH_Vis_1","Vis",0.344181463018806,1,5,5,FALSE,FALSE
"AMY",102,"RH_Vis_2","Vis",0.543878295459194,1,2,2,FALSE,FALSE
"AMY",103,"RH_Vis_3","Vis",0.292723240539704,1,5,5,FALSE,FALSE
"AMY",104,"RH_Vis_4","Vis",0.120964216552019,1,4,4,FALSE,FALSE
"AMY",105,"RH_Vis_5","Vis",0.464607329774387,1,7,6,TRUE,TRUE
"AMY",106,"RH_Vis_6","Vis",-0.00860169729309966,-1,4,3,FALSE,TRUE
"AMY",107,"RH_Vis_7","Vis",0.136461857419196,1,4,4,FALSE,FALSE
"AMY",108,"RH_Vis_8","Vis",0.152464908212745,1,6,5,TRUE,TRUE
"AMY",109,"RH_Vis_9","Vis",0.113949007881111,1,4,4,FALSE,FALSE
"AMY",110,"RH_Vis_10","Vis",-0.128720782856956,-1,6,5,TRUE,TRUE
"AMY",111,"RH_Vis_11","Vis",0.242735105422748,1,6,5,TRUE,TRUE
"AMY",112,"RH_Vis_12","Vis",0.152938751937485,1,4,4,FALSE,FALSE
"AMY",113,"RH_Vis_13","Vis",0.172604603947232,1,3,3,FALSE,FALSE
"AMY",114,"RH_Vis_14","Vis",0.429052287703301,1,6,5,TRUE,TRUE
"AMY",115,"RH_Vis_15","Vis",0.614429657056791,1,7,6,TRUE,TRUE
"AMY",116,"RH_SomMot_1","SomMot",0.270202960736925,1,5,5,FALSE,FALSE
"AMY",117,"RH_SomMot_2","SomMot",0.235277436289665,1,5,5,FALSE,FALSE
"AMY",118,"RH_SomMot_3","SomMot",0.365213349111903,1,7,6,TRUE,TRUE
"AMY",119,"RH_SomMot_4","SomMot",0.331440245837431,1,5,5,FALSE,FALSE
"AMY",120,"RH_SomMot_5","SomMot",0.178537794345287,1,5,5,FALSE,FALSE
"AMY",121,"RH_SomMot_6","SomMot",0.251723741872678,1,5,5,FALSE,FALSE
"AMY",122,"RH_SomMot_7","SomMot",-0.161772647563904,-1,6,5,TRUE,TRUE
"AMY",123,"RH_SomMot_8","SomMot",0.575988705608261,1,5,5,FALSE,FALSE
"AMY",124,"RH_SomMot_9","SomMot",0.393309957716428,1,5,5,FALSE,FALSE
"AMY",125,"RH_SomMot_10","SomMot",0.096541426513871,1,5,5,FALSE,FALSE
"AMY",126,"RH_SomMot_11","SomMot",0.182817563801647,1,4,4,FALSE,FALSE
"AMY",127,"RH_SomMot_12","SomMot",0.143362254264322,1,4,4,FALSE,FALSE
"AMY",128,"RH_SomMot_13","SomMot",0.329487727506348,1,5,5,FALSE,FALSE
"AMY",129,"RH_SomMot_14","SomMot",0.145592881726471,1,4,4,FALSE,FALSE
"AMY",130,"RH_SomMot_15","SomMot",0.587485273304256,1,7,6,TRUE,TRUE
"AMY",131,"RH_SomMot_16","SomMot",0.368541659852783,1,5,5,FALSE,FALSE
"AMY",132,"RH_SomMot_17","SomMot",0.290191444513405,1,4,4,FALSE,FALSE
"AMY",133,"RH_SomMot_18","SomMot",-0.0552163141669753,-1,6,5,TRUE,TRUE
"AMY",134,"RH_SomMot_19","SomMot",0.512039277159734,1,5,5,FALSE,FALSE
"AMY",135,"RH_DorsAttn_Post_1","DorsAttn",0.702947259216932,1,5,5,FALSE,FALSE
"AMY",136,"RH_DorsAttn_Post_2","DorsAttn",0.58677160664175,1,5,5,FALSE,FALSE
"AMY",137,"RH_DorsAttn_Post_3","DorsAttn",0.645449968698415,1,5,5,FALSE,FALSE
"AMY",138,"RH_DorsAttn_Post_4","DorsAttn",0.786603248792807,1,7,6,TRUE,TRUE
"AMY",139,"RH_DorsAttn_Post_5","DorsAttn",0.521036671141027,1,5,5,FALSE,FALSE
"AMY",140,"RH_DorsAttn_Post_6","DorsAttn",0.792943854729136,1,7,6,TRUE,TRUE
"AMY",141,"RH_DorsAttn_Post_7","DorsAttn",0.739937418597306,1,7,6,TRUE,TRUE
"AMY",142,"RH_DorsAttn_Post_8","DorsAttn",0.763048144970201,1,7,6,TRUE,TRUE
"AMY",143,"RH_DorsAttn_Post_9","DorsAttn",0.94725905647445,1,7,6,TRUE,TRUE
"AMY",144,"RH_DorsAttn_Post_10","DorsAttn",0.515450976672221,1,5,5,FALSE,FALSE
"AMY",145,"RH_DorsAttn_FEF_1","DorsAttn",0.581983209044897,1,6,6,TRUE,FALSE
"AMY",146,"RH_DorsAttn_FEF_2","DorsAttn",0.997948117806649,1,7,6,TRUE,TRUE
"AMY",147,"RH_DorsAttn_PrCv_1","DorsAttn",0.778664313389547,1,7,6,TRUE,TRUE
"AMY",148,"RH_SalVentAttn_TempOccPar_1","SalVentAttn",0.698674420020462,1,5,5,FALSE,FALSE
"AMY",149,"RH_SalVentAttn_TempOccPar_2","SalVentAttn",0.462629451465619,1,5,5,FALSE,FALSE
"AMY",150,"RH_SalVentAttn_TempOccPar_3","SalVentAttn",0.66603144652861,1,5,5,FALSE,FALSE
"AMY",151,"RH_SalVentAttn_PrC_1","SalVentAttn",0.416375610449346,1,5,5,FALSE,FALSE
"AMY",152,"RH_SalVentAttn_FrOperIns_1","SalVentAttn",0.524819185279495,1,7,6,TRUE,TRUE
"AMY",153,"RH_SalVentAttn_FrOperIns_2","SalVentAttn",0.686348968525198,1,7,6,TRUE,TRUE
"AMY",154,"RH_SalVentAttn_FrOperIns_3","SalVentAttn",0.880522122498731,1,7,6,TRUE,TRUE
"AMY",155,"RH_SalVentAttn_FrOperIns_4","SalVentAttn",0.856663451629912,1,7,6,TRUE,TRUE
"AMY",156,"RH_SalVentAttn_Med_1","SalVentAttn",0.76891180123921,1,6,5,TRUE,TRUE
"AMY",157,"RH_SalVentAttn_Med_2","SalVentAttn",1.3103202596556,1,7,6,TRUE,TRUE
"AMY",158,"RH_SalVentAttn_Med_3","SalVentAttn",0.570246754409242,1,7,6,TRUE,TRUE
"AMY",159,"RH_Limbic_OFC_1","Limbic",1.14442263057097,1,4,4,FALSE,FALSE
"AMY",160,"RH_Limbic_OFC_2","Limbic",0.430050154112732,1,5,5,FALSE,FALSE
"AMY",161,"RH_Limbic_OFC_3","Limbic",0.289501995973074,1,6,5,TRUE,TRUE
"AMY",162,"RH_Limbic_TempPole_1","Limbic",0.576109007617385,1,7,6,TRUE,TRUE
"AMY",163,"RH_Limbic_TempPole_2","Limbic",-0.038855834265319,-1,6,5,TRUE,TRUE
"AMY",164,"RH_Limbic_TempPole_3","Limbic",0.26165495776547,1,7,6,TRUE,TRUE
"AMY",165,"RH_Cont_Par_1","Cont",1.13464052588334,1,7,6,TRUE,TRUE
"AMY",166,"RH_Cont_Par_2","Cont",0.926982507921018,1,7,6,TRUE,TRUE
"AMY",167,"RH_Cont_Par_3","Cont",0.893688127286699,1,7,6,TRUE,TRUE
"AMY",168,"RH_Cont_Temp_1","Cont",0.9879226758121,1,4,4,FALSE,FALSE
"AMY",169,"RH_Cont_PFCv_1","Cont",0.835415416351439,1,7,6,TRUE,TRUE
"AMY",170,"RH_Cont_PFCl_1","Cont",1.03176895471665,1,7,6,TRUE,TRUE
"AMY",171,"RH_Cont_PFCl_2","Cont",0.737911893338332,1,7,6,TRUE,TRUE
"AMY",172,"RH_Cont_PFCl_3","Cont",0.833743448518927,1,7,6,TRUE,TRUE
"AMY",173,"RH_Cont_PFCl_4","Cont",0.933496853257812,1,7,6,TRUE,TRUE
"AMY",174,"RH_Cont_PFCl_5","Cont",0.963787785966887,1,7,6,TRUE,TRUE
"AMY",175,"RH_Cont_PFCl_6","Cont",0.777177784815859,1,7,6,TRUE,TRUE
"AMY",176,"RH_Cont_PFCl_7","Cont",0.753500063711839,1,7,6,TRUE,TRUE
"AMY",177,"RH_Cont_pCun_1","Cont",0.843630292493885,1,7,6,TRUE,TRUE
"AMY",178,"RH_Cont_Cing_1","Cont",0.587137497064263,1,7,6,TRUE,TRUE
"AMY",179,"RH_Cont_Cing_2","Cont",0.311846863256938,1,5,4,FALSE,TRUE
"AMY",180,"RH_Cont_PFCmp_1","Cont",0.635851822737402,1,7,6,TRUE,TRUE
"AMY",181,"RH_Cont_PFCmp_2","Cont",0.585213428921193,1,7,6,TRUE,TRUE
"AMY",182,"RH_Default_Par_1","Default",1.0422266648452,1,7,6,TRUE,TRUE
"AMY",183,"RH_Default_Par_2","Default",1.00982788314773,1,6,5,TRUE,TRUE
"AMY",184,"RH_Default_Par_3","Default",0.888359514232587,1,7,6,TRUE,TRUE
"AMY",185,"RH_Default_Temp_1","Default",0.381005311037677,1,4,4,FALSE,FALSE
"AMY",186,"RH_Default_Temp_2","Default",0.350880649709004,1,6,5,TRUE,TRUE
"AMY",187,"RH_Default_Temp_3","Default",0.324698582970154,1,5,5,FALSE,FALSE
"AMY",188,"RH_Default_Temp_4","Default",0.463179595409019,1,5,5,FALSE,FALSE
"AMY",189,"RH_Default_Temp_5","Default",0.349131919669132,1,3,3,FALSE,FALSE
"AMY",190,"RH_Default_PFCv_1","Default",0.706537890863168,1,5,5,FALSE,FALSE
"AMY",191,"RH_Default_PFCdPFCm_1","Default",-0.0502033011164056,-1,6,5,TRUE,TRUE
"AMY",192,"RH_Default_PFCdPFCm_2","Default",0.543963056224767,1,5,5,FALSE,FALSE
"AMY",193,"RH_Default_PFCdPFCm_3","Default",0.360548167854931,1,3,3,FALSE,FALSE
"AMY",194,"RH_Default_PFCdPFCm_4","Default",0.458348104635118,1,5,5,FALSE,FALSE
"AMY",195,"RH_Default_PFCdPFCm_5","Default",0.517247533503302,1,5,5,FALSE,FALSE
"AMY",196,"RH_Default_PFCdPFCm_6","Default",0.739057361492466,1,6,6,TRUE,FALSE
"AMY",197,"RH_Default_PFCdPFCm_7","Default",0.693700637193483,1,6,6,TRUE,FALSE
"AMY",198,"RH_Default_pCunPCC_1","Default",0.571907174902638,1,4,4,FALSE,FALSE
"AMY",199,"RH_Default_pCunPCC_2","Default",0.384265762501096,1,4,4,FALSE,FALSE
"AMY",200,"RH_Default_pCunPCC_3","Default",0.500776987018925,1,5,5,FALSE,FALSE
"AMY",201,"Subcortex_aHIP-rh","Subcortex",0.200052198352475,1,6,5,TRUE,TRUE
"AMY",202,"Subcortex_pHIP-rh","Subcortex",0.0335468365290368,1,5,5,FALSE,FALSE
"AMY",205,"Subcortex_THA-DP-rh","Subcortex",2.03365271616303,1,4,4,FALSE,FALSE
"AMY",206,"Subcortex_THA-VP-rh","Subcortex",0.393864479587533,1,5,5,FALSE,FALSE
"AMY",207,"Subcortex_THA-VA-rh","Subcortex",0.485734530300792,1,5,5,FALSE,FALSE
"AMY",208,"Subcortex_THA-DA-rh","Subcortex",0.540815304917493,1,5,5,FALSE,FALSE
"AMY",209,"Subcortex_NAc-shell-rh","Subcortex",-0.0374164259541001,-1,6,5,TRUE,TRUE
"AMY",210,"Subcortex_NAc-core-rh","Subcortex",0.54730478847815,1,4,4,FALSE,FALSE
"AMY",211,"Subcortex_pGP-rh","Subcortex",0.656428072190504,1,7,6,TRUE,TRUE
"AMY",212,"Subcortex_aGP-rh","Subcortex",0.334580669916861,1,6,5,TRUE,TRUE
"AMY",213,"Subcortex_aPUT-rh","Subcortex",1.14985626398601,1,4,4,FALSE,FALSE
"AMY",214,"Subcortex_pPUT-rh","Subcortex",0.73076316345535,1,7,6,TRUE,TRUE
"AMY",215,"Subcortex_aCAU-rh","Subcortex",0.292901679552225,1,3,3,FALSE,FALSE
"AMY",216,"Subcortex_pCAU-rh","Subcortex",0.405251206559895,1,6,6,TRUE,FALSE
"AMY",217,"Subcortex_aHIP-lh","Subcortex",0.0296519046300255,1,5,5,FALSE,FALSE
"AMY",218,"Subcortex_pHIP-lh","Subcortex",0.140082554530861,1,5,5,FALSE,FALSE
"AMY",221,"Subcortex_THA-DP-lh","Subcortex",0.244941383248595,1,6,6,TRUE,FALSE
"AMY",222,"Subcortex_THA-VP-lh","Subcortex",0.398967437247138,1,5,5,FALSE,FALSE
"AMY",223,"Subcortex_THA-VA-lh","Subcortex",0.28104315095441,1,4,4,FALSE,FALSE
"AMY",224,"Subcortex_THA-DA-lh","Subcortex",0.327726807371006,1,6,5,TRUE,TRUE
"AMY",225,"Subcortex_NAc-shell-lh","Subcortex",0.426478422978007,1,4,4,FALSE,FALSE
"AMY",226,"Subcortex_NAc-core-lh","Subcortex",0.447064552456679,1,4,4,FALSE,FALSE
"AMY",227,"Subcortex_pGP-lh","Subcortex",1.13033787970582,1,7,6,TRUE,TRUE
"AMY",228,"Subcortex_aGP-lh","Subcortex",1.1887991116228,1,4,4,FALSE,FALSE
"AMY",229,"Subcortex_aPUT-lh","Subcortex",0.505792449744849,1,4,4,FALSE,FALSE
"AMY",230,"Subcortex_pPUT-lh","Subcortex",0.306015107859323,1,3,3,FALSE,FALSE
"AMY",231,"Subcortex_aCAU-lh","Subcortex",0.517142125565998,1,4,4,FALSE,FALSE
"AMY",232,"Subcortex_pCAU-lh","Subcortex",0.383541263868123,1,4,4,FALSE,FALSE
"HIP",1,"LH_Vis_1","Vis",0.716103936364096,1,6,6,TRUE,FALSE
"HIP",2,"LH_Vis_2","Vis",1.07317168261325,1,7,6,TRUE,TRUE
"HIP",3,"LH_Vis_3","Vis",1.25435798633586,1,7,6,TRUE,TRUE
"HIP",4,"LH_Vis_4","Vis",0.569366190693744,1,5,5,FALSE,FALSE
"HIP",5,"LH_Vis_5","Vis",0.395296243360671,1,7,6,TRUE,TRUE
"HIP",6,"LH_Vis_6","Vis",0.663520551350961,1,4,4,FALSE,FALSE
"HIP",7,"LH_Vis_7","Vis",0.444713294119365,1,7,6,TRUE,TRUE
"HIP",8,"LH_Vis_8","Vis",0.692005090969282,1,7,6,TRUE,TRUE
"HIP",9,"LH_Vis_9","Vis",0.607650043717597,1,7,6,TRUE,TRUE
"HIP",10,"LH_Vis_10","Vis",0.439570326252222,1,6,6,TRUE,FALSE
"HIP",11,"LH_Vis_11","Vis",0.952398942506382,1,7,6,TRUE,TRUE
"HIP",12,"LH_Vis_12","Vis",0.788290083974734,1,5,5,FALSE,FALSE
"HIP",13,"LH_Vis_13","Vis",0.768332819124621,1,7,6,TRUE,TRUE
"HIP",14,"LH_Vis_14","Vis",0.924521164529227,1,7,6,TRUE,TRUE
"HIP",15,"LH_SomMot_1","SomMot",0.733582244149084,1,7,6,TRUE,TRUE
"HIP",16,"LH_SomMot_2","SomMot",0.643417082488561,1,6,6,TRUE,FALSE
"HIP",17,"LH_SomMot_3","SomMot",0.546655282970789,1,7,6,TRUE,TRUE
"HIP",18,"LH_SomMot_4","SomMot",0.551584363973956,1,6,6,TRUE,FALSE
"HIP",19,"LH_SomMot_5","SomMot",0.356049948252994,1,6,6,TRUE,FALSE
"HIP",20,"LH_SomMot_6","SomMot",0.101830121000952,1,5,5,FALSE,FALSE
"HIP",21,"LH_SomMot_7","SomMot",0.461488795377469,1,6,6,TRUE,FALSE
"HIP",22,"LH_SomMot_8","SomMot",0.574363589662935,1,6,6,TRUE,FALSE
"HIP",23,"LH_SomMot_9","SomMot",0.565984745309374,1,6,6,TRUE,FALSE
"HIP",24,"LH_SomMot_10","SomMot",0.765542759558836,1,6,6,TRUE,FALSE
"HIP",25,"LH_SomMot_11","SomMot",0.769789240384086,1,6,6,TRUE,FALSE
"HIP",26,"LH_SomMot_12","SomMot",0.465160046993635,1,6,6,TRUE,FALSE
"HIP",27,"LH_SomMot_13","SomMot",0.547102706137053,1,6,6,TRUE,FALSE
"HIP",28,"LH_SomMot_14","SomMot",0.481678754673515,1,6,6,TRUE,FALSE
"HIP",29,"LH_SomMot_15","SomMot",0.80423296459328,1,6,6,TRUE,FALSE
"HIP",30,"LH_SomMot_16","SomMot",1.05985798082167,1,7,6,TRUE,TRUE
"HIP",31,"LH_DorsAttn_Post_1","DorsAttn",0.801916160541224,1,6,6,TRUE,FALSE
"HIP",32,"LH_DorsAttn_Post_2","DorsAttn",0.837974045147595,1,7,6,TRUE,TRUE
"HIP",33,"LH_DorsAttn_Post_3","DorsAttn",1.05434672283811,1,7,6,TRUE,TRUE
"HIP",34,"LH_DorsAttn_Post_4","DorsAttn",0.852605895113362,1,6,6,TRUE,FALSE
"HIP",35,"LH_DorsAttn_Post_5","DorsAttn",0.843481113926819,1,7,6,TRUE,TRUE
"HIP",36,"LH_DorsAttn_Post_6","DorsAttn",1.05894279932211,1,7,6,TRUE,TRUE
"HIP",37,"LH_DorsAttn_Post_7","DorsAttn",1.02889466819815,1,7,6,TRUE,TRUE
"HIP",38,"LH_DorsAttn_Post_8","DorsAttn",0.951626787385995,1,7,6,TRUE,TRUE
"HIP",39,"LH_DorsAttn_Post_9","DorsAttn",0.83255457903454,1,6,6,TRUE,FALSE
"HIP",40,"LH_DorsAttn_Post_10","DorsAttn",0.78062046596386,1,7,6,TRUE,TRUE
"HIP",41,"LH_DorsAttn_FEF_1","DorsAttn",0.950671682130759,1,7,6,TRUE,TRUE
"HIP",42,"LH_DorsAttn_FEF_2","DorsAttn",1.19095064909032,1,6,6,TRUE,FALSE
"HIP",43,"LH_DorsAttn_PrCv_1","DorsAttn",1.257201636097,1,7,6,TRUE,TRUE
"HIP",44,"LH_SalVentAttn_ParOper_1","SalVentAttn",0.500160452268994,1,6,6,TRUE,FALSE
"HIP",45,"LH_SalVentAttn_ParOper_2","SalVentAttn",0.489827572200756,1,6,6,TRUE,FALSE
"HIP",46,"LH_SalVentAttn_ParOper_3","SalVentAttn",0.821832032172278,1,7,6,TRUE,TRUE
"HIP",47,"LH_SalVentAttn_FrOperIns_1","SalVentAttn",0.690874332771906,1,7,6,TRUE,TRUE
"HIP",48,"LH_SalVentAttn_FrOperIns_2","SalVentAttn",1.1039848527603,1,7,6,TRUE,TRUE
"HIP",49,"LH_SalVentAttn_FrOperIns_3","SalVentAttn",0.633700165942071,1,7,6,TRUE,TRUE
"HIP",50,"LH_SalVentAttn_FrOperIns_4","SalVentAttn",0.931228432771813,1,7,6,TRUE,TRUE
"HIP",51,"LH_SalVentAttn_PFCl_1","SalVentAttn",0.763625574803848,1,6,6,TRUE,FALSE
"HIP",52,"LH_SalVentAttn_Med_1","SalVentAttn",0.87531276328679,1,6,6,TRUE,FALSE
"HIP",53,"LH_SalVentAttn_Med_2","SalVentAttn",1.02428279530318,1,6,6,TRUE,FALSE
"HIP",54,"LH_SalVentAttn_Med_3","SalVentAttn",0.592671360078793,1,6,6,TRUE,FALSE
"HIP",55,"LH_Limbic_OFC_1","Limbic",1.06441310985365,1,6,6,TRUE,FALSE
"HIP",56,"LH_Limbic_OFC_2","Limbic",0.402992106433359,1,5,5,FALSE,FALSE
"HIP",57,"LH_Limbic_TempPole_1","Limbic",0.0557774144423047,1,4,3,FALSE,TRUE
"HIP",58,"LH_Limbic_TempPole_2","Limbic",-0.065174383361569,-1,7,6,TRUE,TRUE
"HIP",59,"LH_Limbic_TempPole_3","Limbic",0.375412708304615,1,6,5,TRUE,TRUE
"HIP",60,"LH_Limbic_TempPole_4","Limbic",1.26865899963327,1,6,6,TRUE,FALSE
"HIP",61,"LH_Cont_Par_1","Cont",1.98244039171746,1,7,6,TRUE,TRUE
"HIP",62,"LH_Cont_Par_2","Cont",1.22007052772642,1,7,6,TRUE,TRUE
"HIP",63,"LH_Cont_Par_3","Cont",1.35452113453975,1,7,6,TRUE,TRUE
"HIP",64,"LH_Cont_Temp_1","Cont",1.25132428536356,1,7,6,TRUE,TRUE
"HIP",65,"LH_Cont_OFC_1","Cont",1.57569608859345,1,7,6,TRUE,TRUE
"HIP",66,"LH_Cont_PFCl_1","Cont",1.07792414819303,1,7,6,TRUE,TRUE
"HIP",67,"LH_Cont_PFCl_2","Cont",0.839211272175514,1,6,6,TRUE,FALSE
"HIP",68,"LH_Cont_PFCl_3","Cont",1.34362171344914,1,7,6,TRUE,TRUE
"HIP",69,"LH_Cont_PFCl_4","Cont",0.989781780054543,1,6,6,TRUE,FALSE
"HIP",70,"LH_Cont_PFCl_5","Cont",0.76700105023731,1,7,6,TRUE,TRUE
"HIP",71,"LH_Cont_pCun_1","Cont",1.17746243768153,1,7,6,TRUE,TRUE
"HIP",72,"LH_Cont_Cing_1","Cont",1.10892921521418,1,7,6,TRUE,TRUE
"HIP",73,"LH_Cont_Cing_2","Cont",0.799309649839608,1,7,6,TRUE,TRUE
"HIP",74,"LH_Default_Temp_1","Default",0.517913615534664,1,6,6,TRUE,FALSE
"HIP",75,"LH_Default_Temp_2","Default",0.603228053627212,1,5,5,FALSE,FALSE
"HIP",76,"LH_Default_Temp_3","Default",0.316637421002147,1,5,5,FALSE,FALSE
"HIP",77,"LH_Default_Temp_4","Default",0.602900961648675,1,6,6,TRUE,FALSE
"HIP",78,"LH_Default_Temp_5","Default",0.606178637447146,1,6,6,TRUE,FALSE
"HIP",79,"LH_Default_Par_1","Default",0.86931128110846,1,7,6,TRUE,TRUE
"HIP",80,"LH_Default_Par_2","Default",0.650723617567604,1,7,6,TRUE,TRUE
"HIP",81,"LH_Default_Par_3","Default",0.751219251518964,1,6,6,TRUE,FALSE
"HIP",82,"LH_Default_Par_4","Default",0.751966747232748,1,6,6,TRUE,FALSE
"HIP",83,"LH_Default_PFC_1","Default",0.490727168710973,1,6,6,TRUE,FALSE
"HIP",84,"LH_Default_PFC_2","Default",0.0858684256816251,1,5,5,FALSE,FALSE
"HIP",85,"LH_Default_PFC_3","Default",0.611461555555943,1,6,6,TRUE,FALSE
"HIP",86,"LH_Default_PFC_4","Default",0.178748805031564,1,5,5,FALSE,FALSE
"HIP",87,"LH_Default_PFC_5","Default",0.835169222117855,1,7,6,TRUE,TRUE
"HIP",88,"LH_Default_PFC_6","Default",0.789519390432999,1,6,6,TRUE,FALSE
"HIP",89,"LH_Default_PFC_7","Default",0.700368926541301,1,6,6,TRUE,FALSE
"HIP",90,"LH_Default_PFC_8","Default",0.975277396419788,1,6,6,TRUE,FALSE
"HIP",91,"LH_Default_PFC_9","Default",0.614163016017255,1,6,6,TRUE,FALSE
"HIP",92,"LH_Default_PFC_10","Default",0.803872338819778,1,7,6,TRUE,TRUE
"HIP",93,"LH_Default_PFC_11","Default",0.728725042576549,1,7,6,TRUE,TRUE
"HIP",94,"LH_Default_PFC_12","Default",0.645054838974278,1,6,6,TRUE,FALSE
"HIP",95,"LH_Default_PFC_13","Default",0.732461104984192,1,7,6,TRUE,TRUE
"HIP",96,"LH_Default_pCunPCC_1","Default",0.299712943067468,1,6,6,TRUE,FALSE
"HIP",97,"LH_Default_pCunPCC_2","Default",0.245022544614567,1,6,6,TRUE,FALSE
"HIP",98,"LH_Default_pCunPCC_3","Default",0.652049466844852,1,6,6,TRUE,FALSE
"HIP",99,"LH_Default_pCunPCC_4","Default",0.79056373180014,1,6,6,TRUE,FALSE
"HIP",100,"LH_Default_PHC_1","Default",0.319580367248361,1,5,5,FALSE,FALSE
"HIP",101,"RH_Vis_1","Vis",0.454505020754696,1,5,5,FALSE,FALSE
"HIP",102,"RH_Vis_2","Vis",0.628272021701047,1,6,6,TRUE,FALSE
"HIP",103,"RH_Vis_3","Vis",0.937926846215941,1,7,6,TRUE,TRUE
"HIP",104,"RH_Vis_4","Vis",0.551998610718671,1,6,6,TRUE,FALSE
"HIP",105,"RH_Vis_5","Vis",1.01294599310324,1,7,6,TRUE,TRUE
"HIP",106,"RH_Vis_6","Vis",0.681800146137564,1,7,6,TRUE,TRUE
"HIP",107,"RH_Vis_7","Vis",0.470593346148186,1,5,5,FALSE,FALSE
"HIP",108,"RH_Vis_8","Vis",1.05596798594645,1,7,6,TRUE,TRUE
"HIP",109,"RH_Vis_9","Vis",0.600080032701406,1,6,6,TRUE,FALSE
"HIP",110,"RH_Vis_10","Vis",0.196003634050795,1,4,4,FALSE,FALSE
"HIP",111,"RH_Vis_11","Vis",0.917417545490724,1,7,6,TRUE,TRUE
"HIP",112,"RH_Vis_12","Vis",0.82614848027906,1,7,6,TRUE,TRUE
"HIP",113,"RH_Vis_13","Vis",0.803619258897683,1,6,6,TRUE,FALSE
"HIP",114,"RH_Vis_14","Vis",0.859607792600436,1,7,6,TRUE,TRUE
"HIP",115,"RH_Vis_15","Vis",1.01051714465642,1,7,6,TRUE,TRUE
"HIP",116,"RH_SomMot_1","SomMot",0.795583815590682,1,6,6,TRUE,FALSE
"HIP",117,"RH_SomMot_2","SomMot",0.594852078916318,1,6,6,TRUE,FALSE
"HIP",118,"RH_SomMot_3","SomMot",0.635362288451665,1,7,6,TRUE,TRUE
"HIP",119,"RH_SomMot_4","SomMot",0.495259087127169,1,6,6,TRUE,FALSE
"HIP",120,"RH_SomMot_5","SomMot",0.354078772589717,1,5,5,FALSE,FALSE
"HIP",121,"RH_SomMot_6","SomMot",0.329854745653259,1,6,6,TRUE,FALSE
"HIP",122,"RH_SomMot_7","SomMot",0.0277082575799064,1,2,2,FALSE,FALSE
"HIP",123,"RH_SomMot_8","SomMot",0.799766915588451,1,6,6,TRUE,FALSE
"HIP",124,"RH_SomMot_9","SomMot",0.668013536498874,1,6,6,TRUE,FALSE
"HIP",125,"RH_SomMot_10","SomMot",0.374016608246692,1,6,6,TRUE,FALSE
"HIP",126,"RH_SomMot_11","SomMot",0.502292585653443,1,5,5,FALSE,FALSE
"HIP",127,"RH_SomMot_12","SomMot",0.621396540044754,1,5,5,FALSE,FALSE
"HIP",128,"RH_SomMot_13","SomMot",0.648698666711529,1,6,6,TRUE,FALSE
"HIP",129,"RH_SomMot_14","SomMot",0.515623669005669,1,6,6,TRUE,FALSE
"HIP",130,"RH_SomMot_15","SomMot",0.693094746994954,1,6,6,TRUE,FALSE
"HIP",131,"RH_SomMot_16","SomMot",0.588461937877536,1,6,6,TRUE,FALSE
"HIP",132,"RH_SomMot_17","SomMot",0.661468535631933,1,6,6,TRUE,FALSE
"HIP",133,"RH_SomMot_18","SomMot",0.525511751670131,1,6,6,TRUE,FALSE
"HIP",134,"RH_SomMot_19","SomMot",1.17972427873272,1,7,6,TRUE,TRUE
"HIP",135,"RH_DorsAttn_Post_1","DorsAttn",1.15923996971314,1,7,6,TRUE,TRUE
"HIP",136,"RH_DorsAttn_Post_2","DorsAttn",1.03912577908351,1,7,6,TRUE,TRUE
"HIP",137,"RH_DorsAttn_Post_3","DorsAttn",0.772920492128324,1,6,6,TRUE,FALSE
"HIP",138,"RH_DorsAttn_Post_4","DorsAttn",1.13288550323895,1,7,6,TRUE,TRUE
"HIP",139,"RH_DorsAttn_Post_5","DorsAttn",0.845642917900769,1,6,6,TRUE,FALSE
"HIP",140,"RH_DorsAttn_Post_6","DorsAttn",1.35779718183682,1,7,6,TRUE,TRUE
"HIP",141,"RH_DorsAttn_Post_7","DorsAttn",1.05110165640283,1,7,6,TRUE,TRUE
"HIP",142,"RH_DorsAttn_Post_8","DorsAttn",1.08943456963372,1,7,6,TRUE,TRUE
"HIP",143,"RH_DorsAttn_Post_9","DorsAttn",1.12137211227129,1,6,6,TRUE,FALSE
"HIP",144,"RH_DorsAttn_Post_10","DorsAttn",0.820159566724145,1,6,6,TRUE,FALSE
"HIP",145,"RH_DorsAttn_FEF_1","DorsAttn",1.01312237442673,1,6,6,TRUE,FALSE
"HIP",146,"RH_DorsAttn_FEF_2","DorsAttn",1.27031749546751,1,7,6,TRUE,TRUE
"HIP",147,"RH_DorsAttn_PrCv_1","DorsAttn",0.906246996509768,1,7,6,TRUE,TRUE
"HIP",148,"RH_SalVentAttn_TempOccPar_1","SalVentAttn",0.786062164806333,1,5,5,FALSE,FALSE
"HIP",149,"RH_SalVentAttn_TempOccPar_2","SalVentAttn",0.526127016108165,1,7,6,TRUE,TRUE
"HIP",150,"RH_SalVentAttn_TempOccPar_3","SalVentAttn",0.550090379235574,1,6,6,TRUE,FALSE
"HIP",151,"RH_SalVentAttn_PrC_1","SalVentAttn",0.679373931319856,1,6,6,TRUE,FALSE
"HIP",152,"RH_SalVentAttn_FrOperIns_1","SalVentAttn",0.779880475220526,1,7,6,TRUE,TRUE
"HIP",153,"RH_SalVentAttn_FrOperIns_2","SalVentAttn",0.737741666059562,1,7,6,TRUE,TRUE
"HIP",154,"RH_SalVentAttn_FrOperIns_3","SalVentAttn",1.03977365377113,1,7,6,TRUE,TRUE
"HIP",155,"RH_SalVentAttn_FrOperIns_4","SalVentAttn",0.76290395927216,1,7,6,TRUE,TRUE
"HIP",156,"RH_SalVentAttn_Med_1","SalVentAttn",0.945727673920605,1,6,6,TRUE,FALSE
"HIP",157,"RH_SalVentAttn_Med_2","SalVentAttn",1.35753412164329,1,7,6,TRUE,TRUE
"HIP",158,"RH_SalVentAttn_Med_3","SalVentAttn",0.742869123664329,1,6,6,TRUE,FALSE
"HIP",159,"RH_Limbic_OFC_1","Limbic",2.18816479066923,1,6,6,TRUE,FALSE
"HIP",160,"RH_Limbic_OFC_2","Limbic",0.548669052554236,1,5,5,FALSE,FALSE
"HIP",161,"RH_Limbic_OFC_3","Limbic",0.494137611195537,1,5,5,FALSE,FALSE
"HIP",162,"RH_Limbic_TempPole_1","Limbic",0.445997687835068,1,5,5,FALSE,FALSE
"HIP",163,"RH_Limbic_TempPole_2","Limbic",0.142668011830379,1,4,4,FALSE,FALSE
"HIP",164,"RH_Limbic_TempPole_3","Limbic",0.0986782693962588,1,4,4,FALSE,FALSE
"HIP",165,"RH_Cont_Par_1","Cont",0.885356463433248,1,7,6,TRUE,TRUE
"HIP",166,"RH_Cont_Par_2","Cont",1.30617767163061,1,7,6,TRUE,TRUE
"HIP",167,"RH_Cont_Par_3","Cont",1.74541496969498,1,7,6,TRUE,TRUE
"HIP",168,"RH_Cont_Temp_1","Cont",1.90448636302052,1,7,6,TRUE,TRUE
"HIP",169,"RH_Cont_PFCv_1","Cont",1.02722627324496,1,7,6,TRUE,TRUE
"HIP",170,"RH_Cont_PFCl_1","Cont",1.53758209580038,1,7,6,TRUE,TRUE
"HIP",171,"RH_Cont_PFCl_2","Cont",0.868608671680559,1,7,6,TRUE,TRUE
"HIP",172,"RH_Cont_PFCl_3","Cont",1.18751102161901,1,7,6,TRUE,TRUE
"HIP",173,"RH_Cont_PFCl_4","Cont",1.42168014344831,1,7,6,TRUE,TRUE
"HIP",174,"RH_Cont_PFCl_5","Cont",1.03072782605858,1,7,6,TRUE,TRUE
"HIP",175,"RH_Cont_PFCl_6","Cont",0.924001414639241,1,7,6,TRUE,TRUE
"HIP",176,"RH_Cont_PFCl_7","Cont",1.06033849078214,1,7,6,TRUE,TRUE
"HIP",177,"RH_Cont_pCun_1","Cont",1.67068855776316,1,7,6,TRUE,TRUE
"HIP",178,"RH_Cont_Cing_1","Cont",0.672221351084759,1,7,6,TRUE,TRUE
"HIP",179,"RH_Cont_Cing_2","Cont",1.18312231044705,1,7,6,TRUE,TRUE
"HIP",180,"RH_Cont_PFCmp_1","Cont",1.37647936352449,1,7,6,TRUE,TRUE
"HIP",181,"RH_Cont_PFCmp_2","Cont",0.918837079945871,1,7,6,TRUE,TRUE
"HIP",182,"RH_Default_Par_1","Default",1.40912693087689,1,7,6,TRUE,TRUE
"HIP",183,"RH_Default_Par_2","Default",0.792421989622148,1,6,6,TRUE,FALSE
"HIP",184,"RH_Default_Par_3","Default",1.0526360085038,1,7,6,TRUE,TRUE
"HIP",185,"RH_Default_Temp_1","Default",0.282736894955907,1,5,5,FALSE,FALSE
"HIP",186,"RH_Default_Temp_2","Default",0.342645812677348,1,5,5,FALSE,FALSE
"HIP",187,"RH_Default_Temp_3","Default",0.414671022165472,1,6,6,TRUE,FALSE
"HIP",188,"RH_Default_Temp_4","Default",0.706940191686849,1,6,6,TRUE,FALSE
"HIP",189,"RH_Default_Temp_5","Default",0.563490917693536,1,5,5,FALSE,FALSE
"HIP",190,"RH_Default_PFCv_1","Default",0.767695188689204,1,6,6,TRUE,FALSE
"HIP",191,"RH_Default_PFCdPFCm_1","Default",0.118962546864108,1,4,4,FALSE,FALSE
"HIP",192,"RH_Default_PFCdPFCm_2","Default",1.11366459520006,1,6,6,TRUE,FALSE
"HIP",193,"RH_Default_PFCdPFCm_3","Default",0.503495614096305,1,4,4,FALSE,FALSE
"HIP",194,"RH_Default_PFCdPFCm_4","Default",0.661589033413273,1,6,6,TRUE,FALSE
"HIP",195,"RH_Default_PFCdPFCm_5","Default",0.59385642900388,1,6,6,TRUE,FALSE
"HIP",196,"RH_Default_PFCdPFCm_6","Default",1.00582938117317,1,6,6,TRUE,FALSE
"HIP",197,"RH_Default_PFCdPFCm_7","Default",1.17777253188278,1,7,6,TRUE,TRUE
"HIP",198,"RH_Default_pCunPCC_1","Default",0.84585870459634,1,5,5,FALSE,FALSE
"HIP",199,"RH_Default_pCunPCC_2","Default",0.447828987835001,1,6,6,TRUE,FALSE
"HIP",200,"RH_Default_pCunPCC_3","Default",0.709913113480942,1,6,6,TRUE,FALSE
"HIP",203,"Subcortex_lAMY-rh","Subcortex",-0.122947058063929,-1,5,4,FALSE,TRUE
"HIP",204,"Subcortex_mAMY-rh","Subcortex",-0.116625768755957,-1,2,2,FALSE,FALSE
"HIP",205,"Subcortex_THA-DP-rh","Subcortex",1.18876120063693,1,6,6,TRUE,FALSE
"HIP",206,"Subcortex_THA-VP-rh","Subcortex",0.646326595135213,1,6,6,TRUE,FALSE
"HIP",207,"Subcortex_THA-VA-rh","Subcortex",0.924226045703137,1,6,6,TRUE,FALSE
"HIP",208,"Subcortex_THA-DA-rh","Subcortex",0.690507500812296,1,5,5,FALSE,FALSE
"HIP",209,"Subcortex_NAc-shell-rh","Subcortex",0.562183671256461,1,7,6,TRUE,TRUE
"HIP",210,"Subcortex_NAc-core-rh","Subcortex",1.61528226968435,1,5,5,FALSE,FALSE
"HIP",211,"Subcortex_pGP-rh","Subcortex",1.57547814613634,1,6,5,TRUE,TRUE
"HIP",212,"Subcortex_aGP-rh","Subcortex",0.510675622412806,1,6,5,TRUE,TRUE
"HIP",213,"Subcortex_aPUT-rh","Subcortex",1.76483369441752,1,7,6,TRUE,TRUE
"HIP",214,"Subcortex_pPUT-rh","Subcortex",1.38451663068778,1,7,6,TRUE,TRUE
"HIP",215,"Subcortex_aCAU-rh","Subcortex",0.433209446877006,1,6,6,TRUE,FALSE
"HIP",216,"Subcortex_pCAU-rh","Subcortex",0.603736571888976,1,7,6,TRUE,TRUE
"HIP",219,"Subcortex_lAMY-lh","Subcortex",0.0995124196152493,1,6,5,TRUE,TRUE
"HIP",220,"Subcortex_mAMY-lh","Subcortex",0.752509092807925,1,6,5,TRUE,TRUE
"HIP",221,"Subcortex_THA-DP-lh","Subcortex",0.48993668140888,1,6,6,TRUE,FALSE
"HIP",222,"Subcortex_THA-VP-lh","Subcortex",0.697456978187907,1,7,6,TRUE,TRUE
"HIP",223,"Subcortex_THA-VA-lh","Subcortex",0.789490032001063,1,6,6,TRUE,FALSE
"HIP",224,"Subcortex_THA-DA-lh","Subcortex",0.694910461966567,1,6,5,TRUE,TRUE
"HIP",225,"Subcortex_NAc-shell-lh","Subcortex",1.16467588035865,1,6,6,TRUE,FALSE
"HIP",226,"Subcortex_NAc-core-lh","Subcortex",0.293232303855196,1,5,5,FALSE,FALSE
"HIP",227,"Subcortex_pGP-lh","Subcortex",3.03981702915491,1,6,5,TRUE,TRUE
"HIP",228,"Subcortex_aGP-lh","Subcortex",2.88862556284696,1,7,6,TRUE,TRUE
"HIP",229,"Subcortex_aPUT-lh","Subcortex",1.44628199670763,1,6,6,TRUE,FALSE
"HIP",230,"Subcortex_pPUT-lh","Subcortex",1.00774171841039,1,6,6,TRUE,FALSE
"HIP",231,"Subcortex_aCAU-lh","Subcortex",0.60422750074271,1,6,6,TRUE,FALSE
"HIP",232,"Subcortex_pCAU-lh","Subcortex",0.546580814516798,1,6,6,TRUE,FALSE
"NAc",1,"LH_Vis_1","Vis",0.711307366772154,1,6,6,TRUE,FALSE
"NAc",2,"LH_Vis_2","Vis",0.998700389932714,1,7,6,TRUE,TRUE
"NAc",3,"LH_Vis_3","Vis",1.10520372573562,1,7,6,TRUE,TRUE
"NAc",4,"LH_Vis_4","Vis",0.511413311169734,1,6,6,TRUE,FALSE
"NAc",5,"LH_Vis_5","Vis",0.0958863021465595,1,5,4,FALSE,TRUE
"NAc",6,"LH_Vis_6","Vis",0.264351859408237,1,5,5,FALSE,FALSE
"NAc",7,"LH_Vis_7","Vis",0.228049018312109,1,3,3,FALSE,FALSE
"NAc",8,"LH_Vis_8","Vis",1.05637617148507,1,7,6,TRUE,TRUE
"NAc",9,"LH_Vis_9","Vis",0.67964970031649,1,7,6,TRUE,TRUE
"NAc",10,"LH_Vis_10","Vis",0.12319879827447,1,5,5,FALSE,FALSE
"NAc",11,"LH_Vis_11","Vis",1.09295089120232,1,6,5,TRUE,TRUE
"NAc",12,"LH_Vis_12","Vis",0.359463376393263,1,5,5,FALSE,FALSE
"NAc",13,"LH_Vis_13","Vis",0.394268313518739,1,6,6,TRUE,FALSE
"NAc",14,"LH_Vis_14","Vis",1.40930752571527,1,6,6,TRUE,FALSE
"NAc",15,"LH_SomMot_1","SomMot",0.546039127437929,1,6,5,TRUE,TRUE
"NAc",16,"LH_SomMot_2","SomMot",0.599469701122544,1,7,6,TRUE,TRUE
"NAc",17,"LH_SomMot_3","SomMot",0.465568488214791,1,6,6,TRUE,FALSE
"NAc",18,"LH_SomMot_4","SomMot",0.385729897690913,1,7,6,TRUE,TRUE
"NAc",19,"LH_SomMot_5","SomMot",0.221060180982171,1,6,6,TRUE,FALSE
"NAc",20,"LH_SomMot_6","SomMot",0.587852277058562,1,7,6,TRUE,TRUE
"NAc",21,"LH_SomMot_7","SomMot",0.669629285139589,1,5,5,FALSE,FALSE
"NAc",22,"LH_SomMot_8","SomMot",0.568387609988298,1,6,5,TRUE,TRUE
"NAc",23,"LH_SomMot_9","SomMot",1.35080229624369,1,6,6,TRUE,FALSE
"NAc",24,"LH_SomMot_10","SomMot",1.06786227631443,1,6,6,TRUE,FALSE
"NAc",25,"LH_SomMot_11","SomMot",0.702286169153728,1,6,6,TRUE,FALSE
"NAc",26,"LH_SomMot_12","SomMot",0.992090449075757,1,6,6,TRUE,FALSE
"NAc",27,"LH_SomMot_13","SomMot",0.739144013984815,1,6,6,TRUE,FALSE
"NAc",28,"LH_SomMot_14","SomMot",0.670844123514376,1,5,5,FALSE,FALSE
"NAc",29,"LH_SomMot_15","SomMot",1.83156267954527,1,6,5,TRUE,TRUE
"NAc",30,"LH_SomMot_16","SomMot",0.99365302325994,1,7,6,TRUE,TRUE
"NAc",31,"LH_DorsAttn_Post_1","DorsAttn",0.815905415922427,1,7,6,TRUE,TRUE
"NAc",32,"LH_DorsAttn_Post_2","DorsAttn",0.718724569915211,1,7,6,TRUE,TRUE
"NAc",33,"LH_DorsAttn_Post_3","DorsAttn",1.01623924553394,1,6,6,TRUE,FALSE
"NAc",34,"LH_DorsAttn_Post_4","DorsAttn",0.959962764220496,1,7,6,TRUE,TRUE
"NAc",35,"LH_DorsAttn_Post_5","DorsAttn",0.957530640054384,1,6,6,TRUE,FALSE
"NAc",36,"LH_DorsAttn_Post_6","DorsAttn",1.08556602525562,1,6,6,TRUE,FALSE
"NAc",37,"LH_DorsAttn_Post_7","DorsAttn",0.828536178624619,1,6,6,TRUE,FALSE
"NAc",38,"LH_DorsAttn_Post_8","DorsAttn",0.861211943280796,1,6,6,TRUE,FALSE
"NAc",39,"LH_DorsAttn_Post_9","DorsAttn",0.630948182082603,1,6,6,TRUE,FALSE
"NAc",40,"LH_DorsAttn_Post_10","DorsAttn",0.804625242655619,1,6,6,TRUE,FALSE
"NAc",41,"LH_DorsAttn_FEF_1","DorsAttn",0.985188535467169,1,7,6,TRUE,TRUE
"NAc",42,"LH_DorsAttn_FEF_2","DorsAttn",0.937965083546872,1,6,6,TRUE,FALSE
"NAc",43,"LH_DorsAttn_PrCv_1","DorsAttn",1.15471015959895,1,7,6,TRUE,TRUE
"NAc",44,"LH_SalVentAttn_ParOper_1","SalVentAttn",0.441130736889478,1,7,6,TRUE,TRUE
"NAc",45,"LH_SalVentAttn_ParOper_2","SalVentAttn",0.468086227298417,1,7,6,TRUE,TRUE
"NAc",46,"LH_SalVentAttn_ParOper_3","SalVentAttn",0.725385470599147,1,7,6,TRUE,TRUE
"NAc",47,"LH_SalVentAttn_FrOperIns_1","SalVentAttn",0.557207443586973,1,6,5,TRUE,TRUE
"NAc",48,"LH_SalVentAttn_FrOperIns_2","SalVentAttn",0.771561681685694,1,7,6,TRUE,TRUE
"NAc",49,"LH_SalVentAttn_FrOperIns_3","SalVentAttn",0.348426626009024,1,7,6,TRUE,TRUE
"NAc",50,"LH_SalVentAttn_FrOperIns_4","SalVentAttn",0.83281339789061,1,7,6,TRUE,TRUE
"NAc",51,"LH_SalVentAttn_PFCl_1","SalVentAttn",0.995492388084677,1,6,6,TRUE,FALSE
"NAc",52,"LH_SalVentAttn_Med_1","SalVentAttn",0.645588089068595,1,7,6,TRUE,TRUE
"NAc",53,"LH_SalVentAttn_Med_2","SalVentAttn",0.59041652629607,1,6,6,TRUE,FALSE
"NAc",54,"LH_SalVentAttn_Med_3","SalVentAttn",0.805512292375673,1,7,6,TRUE,TRUE
"NAc",55,"LH_Limbic_OFC_1","Limbic",0.609794943505291,1,7,6,TRUE,TRUE
"NAc",56,"LH_Limbic_OFC_2","Limbic",0.544782015879704,1,6,5,TRUE,TRUE
"NAc",57,"LH_Limbic_TempPole_1","Limbic",0.454577214559412,1,6,5,TRUE,TRUE
"NAc",58,"LH_Limbic_TempPole_2","Limbic",0.620251631957597,1,6,5,TRUE,TRUE
"NAc",59,"LH_Limbic_TempPole_3","Limbic",0.794484030323796,1,3,3,FALSE,FALSE
"NAc",60,"LH_Limbic_TempPole_4","Limbic",1.51202927672788,1,6,6,TRUE,FALSE
"NAc",61,"LH_Cont_Par_1","Cont",1.45063473720247,1,7,6,TRUE,TRUE
"NAc",62,"LH_Cont_Par_2","Cont",1.6137744511324,1,7,6,TRUE,TRUE
"NAc",63,"LH_Cont_Par_3","Cont",1.09081647205109,1,7,6,TRUE,TRUE
"NAc",64,"LH_Cont_Temp_1","Cont",1.23508516144761,1,7,6,TRUE,TRUE
"NAc",65,"LH_Cont_OFC_1","Cont",1.19731643768417,1,7,6,TRUE,TRUE
"NAc",66,"LH_Cont_PFCl_1","Cont",1.48104953166232,1,7,6,TRUE,TRUE
"NAc",67,"LH_Cont_PFCl_2","Cont",1.37962241244505,1,7,6,TRUE,TRUE
"NAc",68,"LH_Cont_PFCl_3","Cont",1.25403441377158,1,7,6,TRUE,TRUE
"NAc",69,"LH_Cont_PFCl_4","Cont",1.34205341472187,1,7,6,TRUE,TRUE
"NAc",70,"LH_Cont_PFCl_5","Cont",1.13976658970511,1,7,6,TRUE,TRUE
"NAc",71,"LH_Cont_pCun_1","Cont",0.678857480722933,1,6,6,TRUE,FALSE
"NAc",72,"LH_Cont_Cing_1","Cont",0.509829390454381,1,6,6,TRUE,FALSE
"NAc",73,"LH_Cont_Cing_2","Cont",0.569097077104482,1,6,5,TRUE,TRUE
"NAc",74,"LH_Default_Temp_1","Default",1.17959946200856,1,7,6,TRUE,TRUE
"NAc",75,"LH_Default_Temp_2","Default",1.01515043608871,1,6,5,TRUE,TRUE
"NAc",76,"LH_Default_Temp_3","Default",1.03593944301869,1,6,5,TRUE,TRUE
"NAc",77,"LH_Default_Temp_4","Default",1.10182682898653,1,7,6,TRUE,TRUE
"NAc",78,"LH_Default_Temp_5","Default",0.936293636408857,1,7,6,TRUE,TRUE
"NAc",79,"LH_Default_Par_1","Default",0.749078394111749,1,7,6,TRUE,TRUE
"NAc",80,"LH_Default_Par_2","Default",0.860571497514637,1,7,6,TRUE,TRUE
"NAc",81,"LH_Default_Par_3","Default",0.644759408124414,1,6,6,TRUE,FALSE
"NAc",82,"LH_Default_Par_4","Default",1.16793231734735,1,7,6,TRUE,TRUE
"NAc",83,"LH_Default_PFC_1","Default",0.72873000200163,1,7,6,TRUE,TRUE
"NAc",84,"LH_Default_PFC_2","Default",0.246213705856024,1,4,4,FALSE,FALSE
"NAc",85,"LH_Default_PFC_3","Default",0.975065495885742,1,7,6,TRUE,TRUE
"NAc",86,"LH_Default_PFC_4","Default",0.812984488462835,1,6,5,TRUE,TRUE
"NAc",87,"LH_Default_PFC_5","Default",1.20570644341384,1,7,6,TRUE,TRUE
"NAc",88,"LH_Default_PFC_6","Default",0.629649650194643,1,7,6,TRUE,TRUE
"NAc",89,"LH_Default_PFC_7","Default",0.893155065504148,1,7,6,TRUE,TRUE
"NAc",90,"LH_Default_PFC_8","Default",0.901054831050294,1,6,5,TRUE,TRUE
"NAc",91,"LH_Default_PFC_9","Default",1.55054899151922,1,7,6,TRUE,TRUE
"NAc",92,"LH_Default_PFC_10","Default",0.875056449474514,1,7,6,TRUE,TRUE
"NAc",93,"LH_Default_PFC_11","Default",1.27425380185481,1,7,6,TRUE,TRUE
"NAc",94,"LH_Default_PFC_12","Default",1.20796250765116,1,7,6,TRUE,TRUE
"NAc",95,"LH_Default_PFC_13","Default",1.33750551848527,1,7,6,TRUE,TRUE
"NAc",96,"LH_Default_pCunPCC_1","Default",0.436702371961442,1,6,6,TRUE,FALSE
"NAc",97,"LH_Default_pCunPCC_2","Default",0.757444065139296,1,6,6,TRUE,FALSE
"NAc",98,"LH_Default_pCunPCC_3","Default",0.90858001338559,1,7,6,TRUE,TRUE
"NAc",99,"LH_Default_pCunPCC_4","Default",1.19264653569816,1,7,6,TRUE,TRUE
"NAc",100,"LH_Default_PHC_1","Default",0.882725471964432,1,5,5,FALSE,FALSE
"NAc",101,"RH_Vis_1","Vis",0.661877475311075,1,7,6,TRUE,TRUE
"NAc",102,"RH_Vis_2","Vis",1.43344777582969,1,7,6,TRUE,TRUE
"NAc",103,"RH_Vis_3","Vis",1.07023863867691,1,7,6,TRUE,TRUE
"NAc",104,"RH_Vis_4","Vis",0.490242645322141,1,6,6,TRUE,FALSE
"NAc",105,"RH_Vis_5","Vis",1.24103117591936,1,6,6,TRUE,FALSE
"NAc",106,"RH_Vis_6","Vis",0.684747570692633,1,6,6,TRUE,FALSE
"NAc",107,"RH_Vis_7","Vis",0.261275902693307,1,5,5,FALSE,FALSE
"NAc",108,"RH_Vis_8","Vis",0.796269231320912,1,6,6,TRUE,FALSE
"NAc",109,"RH_Vis_9","Vis",0.329150783298859,1,6,6,TRUE,FALSE
"NAc",110,"RH_Vis_10","Vis",-0.088441713603684,-1,6,5,TRUE,TRUE
"NAc",111,"RH_Vis_11","Vis",1.00291890848915,1,6,6,TRUE,FALSE
"NAc",112,"RH_Vis_12","Vis",0.933630839688069,1,6,6,TRUE,FALSE
"NAc",113,"RH_Vis_13","Vis",0.502336258336599,1,6,6,TRUE,FALSE
"NAc",114,"RH_Vis_14","Vis",0.622413260457224,1,6,6,TRUE,FALSE
"NAc",115,"RH_Vis_15","Vis",2.34912252123706,1,6,6,TRUE,FALSE
"NAc",116,"RH_SomMot_1","SomMot",0.603184989432539,1,7,6,TRUE,TRUE
"NAc",117,"RH_SomMot_2","SomMot",0.408019933024334,1,7,6,TRUE,TRUE
"NAc",118,"RH_SomMot_3","SomMot",0.897411421842964,1,7,6,TRUE,TRUE
"NAc",119,"RH_SomMot_4","SomMot",0.558933542564682,1,7,6,TRUE,TRUE
"NAc",120,"RH_SomMot_5","SomMot",0.264125484368373,1,6,6,TRUE,FALSE
"NAc",121,"RH_SomMot_6","SomMot",0.348309855212311,1,6,6,TRUE,FALSE
"NAc",122,"RH_SomMot_7","SomMot",0.536330241439213,1,7,6,TRUE,TRUE
"NAc",123,"RH_SomMot_8","SomMot",0.970395670010764,1,6,6,TRUE,FALSE
"NAc",124,"RH_SomMot_9","SomMot",1.95057494376256,1,6,6,TRUE,FALSE
"NAc",125,"RH_SomMot_10","SomMot",0.330758567125679,1,6,6,TRUE,FALSE
"NAc",126,"RH_SomMot_11","SomMot",0.599207362529395,1,6,6,TRUE,FALSE
"NAc",127,"RH_SomMot_12","SomMot",1.3311631283632,1,6,6,TRUE,FALSE
"NAc",128,"RH_SomMot_13","SomMot",0.859182497723469,1,6,6,TRUE,FALSE
"NAc",129,"RH_SomMot_14","SomMot",1.23513384722777,1,6,6,TRUE,FALSE
"NAc",130,"RH_SomMot_15","SomMot",1.47797456894665,1,5,5,FALSE,FALSE
"NAc",131,"RH_SomMot_16","SomMot",0.799659945280448,1,6,6,TRUE,FALSE
"NAc",132,"RH_SomMot_17","SomMot",1.8669716516828,1,4,4,FALSE,FALSE
"NAc",133,"RH_SomMot_18","SomMot",0.884363073086243,1,6,6,TRUE,FALSE
"NAc",134,"RH_SomMot_19","SomMot",1.27521946618672,1,5,5,FALSE,FALSE
"NAc",135,"RH_DorsAttn_Post_1","DorsAttn",1.17828147910532,1,7,6,TRUE,TRUE
"NAc",136,"RH_DorsAttn_Post_2","DorsAttn",1.10514203258182,1,7,6,TRUE,TRUE
"NAc",137,"RH_DorsAttn_Post_3","DorsAttn",1.30720141859855,1,7,6,TRUE,TRUE
"NAc",138,"RH_DorsAttn_Post_4","DorsAttn",0.975888844216712,1,7,6,TRUE,TRUE
"NAc",139,"RH_DorsAttn_Post_5","DorsAttn",1.13266297215875,1,6,6,TRUE,FALSE
"NAc",140,"RH_DorsAttn_Post_6","DorsAttn",1.25541928674551,1,6,6,TRUE,FALSE
"NAc",141,"RH_DorsAttn_Post_7","DorsAttn",0.889672911916269,1,6,6,TRUE,FALSE
"NAc",142,"RH_DorsAttn_Post_8","DorsAttn",1.1190135456372,1,6,6,TRUE,FALSE
"NAc",143,"RH_DorsAttn_Post_9","DorsAttn",1.11713993264776,1,6,6,TRUE,FALSE
"NAc",144,"RH_DorsAttn_Post_10","DorsAttn",0.865138284995145,1,6,6,TRUE,FALSE
"NAc",145,"RH_DorsAttn_FEF_1","DorsAttn",1.18060707285615,1,6,6,TRUE,FALSE
"NAc",146,"RH_DorsAttn_FEF_2","DorsAttn",1.00002744653473,1,7,6,TRUE,TRUE
"NAc",147,"RH_DorsAttn_PrCv_1","DorsAttn",0.88266841888304,1,7,6,TRUE,TRUE
"NAc",148,"RH_SalVentAttn_TempOccPar_1","SalVentAttn",0.713394445984309,1,6,6,TRUE,FALSE
"NAc",149,"RH_SalVentAttn_TempOccPar_2","SalVentAttn",0.421386661552124,1,6,5,TRUE,TRUE
"NAc",150,"RH_SalVentAttn_TempOccPar_3","SalVentAttn",0.495121556155529,1,7,6,TRUE,TRUE
"NAc",151,"RH_SalVentAttn_PrC_1","SalVentAttn",0.642111972829549,1,7,6,TRUE,TRUE
"NAc",152,"RH_SalVentAttn_FrOperIns_1","SalVentAttn",0.51953755603328,1,5,5,FALSE,FALSE
"NAc",153,"RH_SalVentAttn_FrOperIns_2","SalVentAttn",0.646345247005042,1,6,6,TRUE,FALSE
"NAc",154,"RH_SalVentAttn_FrOperIns_3","SalVentAttn",0.613072153026207,1,7,6,TRUE,TRUE
"NAc",155,"RH_SalVentAttn_FrOperIns_4","SalVentAttn",0.478092458152721,1,7,6,TRUE,TRUE
"NAc",156,"RH_SalVentAttn_Med_1","SalVentAttn",0.681288630312405,1,6,6,TRUE,FALSE
"NAc",157,"RH_SalVentAttn_Med_2","SalVentAttn",1.05233475902234,1,6,6,TRUE,FALSE
"NAc",158,"RH_SalVentAttn_Med_3","SalVentAttn",0.571515038235728,1,6,6,TRUE,FALSE
"NAc",159,"RH_Limbic_OFC_1","Limbic",0.903293183528029,1,7,6,TRUE,TRUE
"NAc",160,"RH_Limbic_OFC_2","Limbic",0.773975324211079,1,7,6,TRUE,TRUE
"NAc",161,"RH_Limbic_OFC_3","Limbic",1.07890666294546,1,7,6,TRUE,TRUE
"NAc",162,"RH_Limbic_TempPole_1","Limbic",1.03743743644391,1,3,3,FALSE,FALSE
"NAc",163,"RH_Limbic_TempPole_2","Limbic",0.649197228013406,1,5,5,FALSE,FALSE
"NAc",164,"RH_Limbic_TempPole_3","Limbic",0.801026841957142,1,5,5,FALSE,FALSE
"NAc",165,"RH_Cont_Par_1","Cont",0.578424360335777,1,7,6,TRUE,TRUE
"NAc",166,"RH_Cont_Par_2","Cont",1.12561475115057,1,6,6,TRUE,FALSE
"NAc",167,"RH_Cont_Par_3","Cont",1.26586641483196,1,6,6,TRUE,FALSE
"NAc",168,"RH_Cont_Temp_1","Cont",1.37895073974412,1,7,6,TRUE,TRUE
"NAc",169,"RH_Cont_PFCv_1","Cont",1.03563827831345,1,7,6,TRUE,TRUE
"NAc",170,"RH_Cont_PFCl_1","Cont",1.83711736628575,1,7,6,TRUE,TRUE
"NAc",171,"RH_Cont_PFCl_2","Cont",0.961192352355675,1,7,6,TRUE,TRUE
"NAc",172,"RH_Cont_PFCl_3","Cont",0.919055204378684,1,7,6,TRUE,TRUE
"NAc",173,"RH_Cont_PFCl_4","Cont",1.35986430775705,1,7,6,TRUE,TRUE
"NAc",174,"RH_Cont_PFCl_5","Cont",0.874227309233226,1,6,6,TRUE,FALSE
"NAc",175,"RH_Cont_PFCl_6","Cont",1.20995388591091,1,6,6,TRUE,FALSE
"NAc",176,"RH_Cont_PFCl_7","Cont",0.952723626139302,1,7,6,TRUE,TRUE
"NAc",177,"RH_Cont_pCun_1","Cont",0.956719744119882,1,6,6,TRUE,FALSE
"NAc",178,"RH_Cont_Cing_1","Cont",0.422661063703621,1,7,6,TRUE,TRUE
"NAc",179,"RH_Cont_Cing_2","Cont",0.826617631118324,1,7,6,TRUE,TRUE
"NAc",180,"RH_Cont_PFCmp_1","Cont",0.705447210936469,1,6,6,TRUE,FALSE
"NAc",181,"RH_Cont_PFCmp_2","Cont",0.78468082703241,1,7,6,TRUE,TRUE
"NAc",182,"RH_Default_Par_1","Default",2.58295668697446,1,6,6,TRUE,FALSE
"NAc",183,"RH_Default_Par_2","Default",0.622909613999767,1,6,6,TRUE,FALSE
"NAc",184,"RH_Default_Par_3","Default",0.893706127179522,1,6,6,TRUE,FALSE
"NAc",185,"RH_Default_Temp_1","Default",0.732349066720848,1,7,6,TRUE,TRUE
"NAc",186,"RH_Default_Temp_2","Default",1.62724318054053,1,6,6,TRUE,FALSE
"NAc",187,"RH_Default_Temp_3","Default",0.586131673467566,1,6,6,TRUE,FALSE
"NAc",188,"RH_Default_Temp_4","Default",0.627501335546311,1,6,6,TRUE,FALSE
"NAc",189,"RH_Default_Temp_5","Default",0.64559049867858,1,6,6,TRUE,FALSE
"NAc",190,"RH_Default_PFCv_1","Default",0.736157928642988,1,7,6,TRUE,TRUE
"NAc",191,"RH_Default_PFCdPFCm_1","Default",0.642282929848497,1,5,5,FALSE,FALSE
"NAc",192,"RH_Default_PFCdPFCm_2","Default",0.429311926674827,1,6,5,TRUE,TRUE
"NAc",193,"RH_Default_PFCdPFCm_3","Default",0.379226186128797,1,7,6,TRUE,TRUE
"NAc",194,"RH_Default_PFCdPFCm_4","Default",0.644771838941525,1,6,6,TRUE,FALSE
"NAc",195,"RH_Default_PFCdPFCm_5","Default",1.30440658364763,1,7,6,TRUE,TRUE
"NAc",196,"RH_Default_PFCdPFCm_6","Default",1.37519199581514,1,6,6,TRUE,FALSE
"NAc",197,"RH_Default_PFCdPFCm_7","Default",2.04564847185513,1,7,6,TRUE,TRUE
"NAc",198,"RH_Default_pCunPCC_1","Default",0.909061888666017,1,6,6,TRUE,FALSE
"NAc",199,"RH_Default_pCunPCC_2","Default",0.904956813445139,1,7,6,TRUE,TRUE
"NAc",200,"RH_Default_pCunPCC_3","Default",0.851870786615708,1,7,6,TRUE,TRUE
"NAc",201,"Subcortex_aHIP-rh","Subcortex",0.893288155867148,1,6,6,TRUE,FALSE
"NAc",202,"Subcortex_pHIP-rh","Subcortex",0.975681998465248,1,6,6,TRUE,FALSE
"NAc",203,"Subcortex_lAMY-rh","Subcortex",0.768352505416206,1,4,4,FALSE,FALSE
"NAc",204,"Subcortex_mAMY-rh","Subcortex",0.214139376651979,1,4,4,FALSE,FALSE
"NAc",205,"Subcortex_THA-DP-rh","Subcortex",1.91133812489947,1,7,6,TRUE,TRUE
"NAc",206,"Subcortex_THA-VP-rh","Subcortex",0.760112048989136,1,6,6,TRUE,FALSE
"NAc",207,"Subcortex_THA-VA-rh","Subcortex",0.668534868869007,1,6,5,TRUE,TRUE
"NAc",208,"Subcortex_THA-DA-rh","Subcortex",1.00220572241683,1,7,6,TRUE,TRUE
"NAc",211,"Subcortex_pGP-rh","Subcortex",1.36988399417338,1,6,6,TRUE,FALSE
"NAc",212,"Subcortex_aGP-rh","Subcortex",0.297024343146003,1,7,6,TRUE,TRUE
"NAc",213,"Subcortex_aPUT-rh","Subcortex",1.04166820755928,1,7,6,TRUE,TRUE
"NAc",214,"Subcortex_pPUT-rh","Subcortex",0.876766019686502,1,6,6,TRUE,FALSE
"NAc",215,"Subcortex_aCAU-rh","Subcortex",0.5438592405143,1,7,6,TRUE,TRUE
"NAc",216,"Subcortex_pCAU-rh","Subcortex",0.983613831297779,1,7,6,TRUE,TRUE
"NAc",217,"Subcortex_aHIP-lh","Subcortex",0.76796565198906,1,3,3,FALSE,FALSE
"NAc",218,"Subcortex_pHIP-lh","Subcortex",1.22805273358909,1,6,6,TRUE,FALSE
"NAc",219,"Subcortex_lAMY-lh","Subcortex",0.250188363463258,1,2,2,FALSE,FALSE
"NAc",220,"Subcortex_mAMY-lh","Subcortex",0.577287525790563,1,4,4,FALSE,FALSE
"NAc",221,"Subcortex_THA-DP-lh","Subcortex",0.323219152223902,1,6,6,TRUE,FALSE
"NAc",222,"Subcortex_THA-VP-lh","Subcortex",0.484156682184196,1,3,3,FALSE,FALSE
"NAc",223,"Subcortex_THA-VA-lh","Subcortex",0.993519277285513,1,7,6,TRUE,TRUE
"NAc",224,"Subcortex_THA-DA-lh","Subcortex",0.711733441165206,1,7,6,TRUE,TRUE
"NAc",227,"Subcortex_pGP-lh","Subcortex",1.66644265910003,1,7,6,TRUE,TRUE
"NAc",228,"Subcortex_aGP-lh","Subcortex",0.505724770281947,1,6,5,TRUE,TRUE
"NAc",229,"Subcortex_aPUT-lh","Subcortex",0.79449480221676,1,6,5,TRUE,TRUE
"NAc",230,"Subcortex_pPUT-lh","Subcortex",0.961708691544152,1,6,5,TRUE,TRUE
"NAc",231,"Subcortex_aCAU-lh","Subcortex",1.27458998784303,1,6,5,TRUE,TRUE
"NAc",232,"Subcortex_pCAU-lh","Subcortex",0.931626154686304,1,6,5,TRUE,TRUE
"PUT",1,"LH_Vis_1","Vis",1.11205827320418,1,7,6,TRUE,TRUE
"PUT",2,"LH_Vis_2","Vis",1.58171005685537,1,6,6,TRUE,FALSE
"PUT",3,"LH_Vis_3","Vis",1.44126448976662,1,6,6,TRUE,FALSE
"PUT",4,"LH_Vis_4","Vis",1.3055541397205,1,6,6,TRUE,FALSE
"PUT",5,"LH_Vis_5","Vis",-0.200653163807092,-1,6,5,TRUE,TRUE
"PUT",6,"LH_Vis_6","Vis",1.36251324018249,1,7,6,TRUE,TRUE
"PUT",7,"LH_Vis_7","Vis",0.301368200662611,1,4,4,FALSE,FALSE
"PUT",8,"LH_Vis_8","Vis",1.87839606714496,1,7,6,TRUE,TRUE
"PUT",9,"LH_Vis_9","Vis",0.994318490955616,1,5,5,FALSE,FALSE
"PUT",10,"LH_Vis_10","Vis",0.553162194443211,1,6,6,TRUE,FALSE
"PUT",11,"LH_Vis_11","Vis",0.514455139778644,1,5,5,FALSE,FALSE
"PUT",12,"LH_Vis_12","Vis",0.732315389619735,1,7,6,TRUE,TRUE
"PUT",13,"LH_Vis_13","Vis",0.690953663897211,1,6,6,TRUE,FALSE
"PUT",14,"LH_Vis_14","Vis",1.3818768969176,1,5,5,FALSE,FALSE
"PUT",15,"LH_SomMot_1","SomMot",0.804660444328799,1,6,6,TRUE,FALSE
"PUT",16,"LH_SomMot_2","SomMot",1.09692161679992,1,7,6,TRUE,TRUE
"PUT",17,"LH_SomMot_3","SomMot",1.057544947548,1,6,6,TRUE,FALSE
"PUT",18,"LH_SomMot_4","SomMot",0.616320695554448,1,7,6,TRUE,TRUE
"PUT",19,"LH_SomMot_5","SomMot",0.615894883349543,1,6,6,TRUE,FALSE
"PUT",20,"LH_SomMot_6","SomMot",0.966424453977416,1,5,5,FALSE,FALSE
"PUT",21,"LH_SomMot_7","SomMot",0.859324016671203,1,5,5,FALSE,FALSE
"PUT",22,"LH_SomMot_8","SomMot",1.31970835784121,1,7,6,TRUE,TRUE
"PUT",23,"LH_SomMot_9","SomMot",1.68926473873611,1,7,6,TRUE,TRUE
"PUT",24,"LH_SomMot_10","SomMot",2.58848082977528,1,7,6,TRUE,TRUE
"PUT",25,"LH_SomMot_11","SomMot",1.25508063534297,1,7,6,TRUE,TRUE
"PUT",26,"LH_SomMot_12","SomMot",2.02614239455706,1,7,6,TRUE,TRUE
"PUT",27,"LH_SomMot_13","SomMot",2.40771479584688,1,7,6,TRUE,TRUE
"PUT",28,"LH_SomMot_14","SomMot",1.46899018274837,1,6,5,TRUE,TRUE
"PUT",29,"LH_SomMot_15","SomMot",2.39625341668109,1,6,5,TRUE,TRUE
"PUT",30,"LH_SomMot_16","SomMot",1.61193254857292,1,6,6,TRUE,FALSE
"PUT",31,"LH_DorsAttn_Post_1","DorsAttn",1.14723094100713,1,6,6,TRUE,FALSE
"PUT",32,"LH_DorsAttn_Post_2","DorsAttn",0.83968056235677,1,6,6,TRUE,FALSE
"PUT",33,"LH_DorsAttn_Post_3","DorsAttn",0.758178633429969,1,5,5,FALSE,FALSE
"PUT",34,"LH_DorsAttn_Post_4","DorsAttn",1.59621122017061,1,7,6,TRUE,TRUE
"PUT",35,"LH_DorsAttn_Post_5","DorsAttn",2.23705757165681,1,7,6,TRUE,TRUE
"PUT",36,"LH_DorsAttn_Post_6","DorsAttn",0.826403815620185,1,7,6,TRUE,TRUE
"PUT",37,"LH_DorsAttn_Post_7","DorsAttn",0.762193020020773,1,6,6,TRUE,FALSE
"PUT",38,"LH_DorsAttn_Post_8","DorsAttn",0.851086559565592,1,6,6,TRUE,FALSE
"PUT",39,"LH_DorsAttn_Post_9","DorsAttn",0.927121699387655,1,6,6,TRUE,FALSE
"PUT",40,"LH_DorsAttn_Post_10","DorsAttn",1.16266296052534,1,7,6,TRUE,TRUE
"PUT",41,"LH_DorsAttn_FEF_1","DorsAttn",0.767800508132123,1,6,6,TRUE,FALSE
"PUT",42,"LH_DorsAttn_FEF_2","DorsAttn",0.838880009643548,1,6,6,TRUE,FALSE
"PUT",43,"LH_DorsAttn_PrCv_1","DorsAttn",1.24716176626008,1,7,6,TRUE,TRUE
"PUT",44,"LH_SalVentAttn_ParOper_1","SalVentAttn",0.37109408124622,1,6,6,TRUE,FALSE
"PUT",45,"LH_SalVentAttn_ParOper_2","SalVentAttn",0.81530573097874,1,7,6,TRUE,TRUE
"PUT",46,"LH_SalVentAttn_ParOper_3","SalVentAttn",0.708882144139076,1,7,6,TRUE,TRUE
"PUT",47,"LH_SalVentAttn_FrOperIns_1","SalVentAttn",0.638842961986401,1,7,6,TRUE,TRUE
"PUT",48,"LH_SalVentAttn_FrOperIns_2","SalVentAttn",0.857786466448643,1,6,6,TRUE,FALSE
"PUT",49,"LH_SalVentAttn_FrOperIns_3","SalVentAttn",0.438605885280509,1,6,5,TRUE,TRUE
"PUT",50,"LH_SalVentAttn_FrOperIns_4","SalVentAttn",1.10704720629727,1,7,6,TRUE,TRUE
"PUT",51,"LH_SalVentAttn_PFCl_1","SalVentAttn",1.89943606123743,1,6,6,TRUE,FALSE
"PUT",52,"LH_SalVentAttn_Med_1","SalVentAttn",0.89162913537579,1,6,6,TRUE,FALSE
"PUT",53,"LH_SalVentAttn_Med_2","SalVentAttn",0.924963081596308,1,7,6,TRUE,TRUE
"PUT",54,"LH_SalVentAttn_Med_3","SalVentAttn",0.977619097656581,1,6,5,TRUE,TRUE
"PUT",55,"LH_Limbic_OFC_1","Limbic",1.29516179880114,1,7,6,TRUE,TRUE
"PUT",56,"LH_Limbic_OFC_2","Limbic",1.52393271339927,1,7,6,TRUE,TRUE
"PUT",57,"LH_Limbic_TempPole_1","Limbic",1.2129247873652,1,7,6,TRUE,TRUE
"PUT",58,"LH_Limbic_TempPole_2","Limbic",0.341743334780917,1,7,6,TRUE,TRUE
"PUT",59,"LH_Limbic_TempPole_3","Limbic",1.43864926301641,1,5,5,FALSE,FALSE
"PUT",60,"LH_Limbic_TempPole_4","Limbic",4.29855845898978,1,5,5,FALSE,FALSE
"PUT",61,"LH_Cont_Par_1","Cont",2.17694169710442,1,6,6,TRUE,FALSE
"PUT",62,"LH_Cont_Par_2","Cont",1.42907024215054,1,6,6,TRUE,FALSE
"PUT",63,"LH_Cont_Par_3","Cont",1.00679611095895,1,6,6,TRUE,FALSE
"PUT",64,"LH_Cont_Temp_1","Cont",2.06298786422097,1,7,6,TRUE,TRUE
"PUT",65,"LH_Cont_OFC_1","Cont",3.30600136070686,1,6,6,TRUE,FALSE
"PUT",66,"LH_Cont_PFCl_1","Cont",6.37879985188666,1,7,6,TRUE,TRUE
"PUT",67,"LH_Cont_PFCl_2","Cont",2.08898160400584,1,7,6,TRUE,TRUE
"PUT",68,"LH_Cont_PFCl_3","Cont",1.4083001639712,1,7,6,TRUE,TRUE
"PUT",69,"LH_Cont_PFCl_4","Cont",1.87181736220846,1,6,6,TRUE,FALSE
"PUT",70,"LH_Cont_PFCl_5","Cont",1.26067420698717,1,6,6,TRUE,FALSE
"PUT",71,"LH_Cont_pCun_1","Cont",1.50978410057112,1,6,6,TRUE,FALSE
"PUT",72,"LH_Cont_Cing_1","Cont",1.26405127816326,1,7,6,TRUE,TRUE
"PUT",73,"LH_Cont_Cing_2","Cont",1.10871970510991,1,6,5,TRUE,TRUE
"PUT",74,"LH_Default_Temp_1","Default",1.43883381622503,1,7,6,TRUE,TRUE
"PUT",75,"LH_Default_Temp_2","Default",1.62651646867727,1,7,6,TRUE,TRUE
"PUT",76,"LH_Default_Temp_3","Default",2.23066676448618,1,7,6,TRUE,TRUE
"PUT",77,"LH_Default_Temp_4","Default",1.66393820377115,1,6,6,TRUE,FALSE
"PUT",78,"LH_Default_Temp_5","Default",1.43702149416572,1,6,6,TRUE,FALSE
"PUT",79,"LH_Default_Par_1","Default",1.03622696441752,1,6,6,TRUE,FALSE
"PUT",80,"LH_Default_Par_2","Default",0.969811807951121,1,6,6,TRUE,FALSE
"PUT",81,"LH_Default_Par_3","Default",0.70139180442328,1,6,6,TRUE,FALSE
"PUT",82,"LH_Default_Par_4","Default",2.09094245301342,1,6,6,TRUE,FALSE
"PUT",83,"LH_Default_PFC_1","Default",1.36573564664828,1,7,6,TRUE,TRUE
"PUT",84,"LH_Default_PFC_2","Default",2.23156484694308,1,6,6,TRUE,FALSE
"PUT",85,"LH_Default_PFC_3","Default",2.19307030986163,1,7,6,TRUE,TRUE
"PUT",86,"LH_Default_PFC_4","Default",2.52038879180358,1,7,6,TRUE,TRUE
"PUT",87,"LH_Default_PFC_5","Default",2.13990983309175,1,7,6,TRUE,TRUE
"PUT",88,"LH_Default_PFC_6","Default",1.70256650749751,1,7,6,TRUE,TRUE
"PUT",89,"LH_Default_PFC_7","Default",1.61626246693779,1,7,6,TRUE,TRUE
"PUT",90,"LH_Default_PFC_8","Default",1.2815126607364,1,7,6,TRUE,TRUE
"PUT",91,"LH_Default_PFC_9","Default",2.65689725656434,1,7,6,TRUE,TRUE
"PUT",92,"LH_Default_PFC_10","Default",1.45364081006983,1,7,6,TRUE,TRUE
"PUT",93,"LH_Default_PFC_11","Default",3.09386221778624,1,7,6,TRUE,TRUE
"PUT",94,"LH_Default_PFC_12","Default",1.84499183719858,1,7,6,TRUE,TRUE
"PUT",95,"LH_Default_PFC_13","Default",1.72330078950165,1,7,6,TRUE,TRUE
"PUT",96,"LH_Default_pCunPCC_1","Default",1.56649916156075,1,7,6,TRUE,TRUE
"PUT",97,"LH_Default_pCunPCC_2","Default",2.78306447329461,1,7,6,TRUE,TRUE
"PUT",98,"LH_Default_pCunPCC_3","Default",2.03166063954651,1,7,6,TRUE,TRUE
"PUT",99,"LH_Default_pCunPCC_4","Default",2.059160007331,1,7,6,TRUE,TRUE
"PUT",100,"LH_Default_PHC_1","Default",1.12604388424611,1,6,6,TRUE,FALSE
"PUT",101,"RH_Vis_1","Vis",1.02438275537956,1,6,6,TRUE,FALSE
"PUT",102,"RH_Vis_2","Vis",1.44226391241092,1,7,6,TRUE,TRUE
"PUT",103,"RH_Vis_3","Vis",1.01660014114418,1,6,6,TRUE,FALSE
"PUT",104,"RH_Vis_4","Vis",0.948615447828544,1,6,6,TRUE,FALSE
"PUT",105,"RH_Vis_5","Vis",1.5652733242454,1,6,6,TRUE,FALSE
"PUT",106,"RH_Vis_6","Vis",0.735563199644733,1,6,6,TRUE,FALSE
"PUT",107,"RH_Vis_7","Vis",0.683486509240299,1,7,6,TRUE,TRUE
"PUT",108,"RH_Vis_8","Vis",0.941733147974872,1,6,6,TRUE,FALSE
"PUT",109,"RH_Vis_9","Vis",0.530421106989406,1,5,5,FALSE,FALSE
"PUT",110,"RH_Vis_10","Vis",0.285141663649022,1,6,6,TRUE,FALSE
"PUT",111,"RH_Vis_11","Vis",0.748552009107331,1,6,6,TRUE,FALSE
"PUT",112,"RH_Vis_12","Vis",0.956503059086427,1,6,6,TRUE,FALSE
"PUT",113,"RH_Vis_13","Vis",0.57295543682777,1,6,6,TRUE,FALSE
"PUT",114,"RH_Vis_14","Vis",0.8039084632494,1,6,6,TRUE,FALSE
"PUT",115,"RH_Vis_15","Vis",1.09720822852428,1,6,6,TRUE,FALSE
"PUT",116,"RH_SomMot_1","SomMot",1.63604984996703,1,7,6,TRUE,TRUE
"PUT",117,"RH_SomMot_2","SomMot",1.03549354826028,1,7,6,TRUE,TRUE
"PUT",118,"RH_SomMot_3","SomMot",1.14462029057936,1,7,6,TRUE,TRUE
"PUT",119,"RH_SomMot_4","SomMot",0.81541874045578,1,7,6,TRUE,TRUE
"PUT",120,"RH_SomMot_5","SomMot",0.846372101948253,1,7,6,TRUE,TRUE
"PUT",121,"RH_SomMot_6","SomMot",0.745651504118319,1,6,6,TRUE,FALSE
"PUT",122,"RH_SomMot_7","SomMot",1.2335482571066,1,7,6,TRUE,TRUE
"PUT",123,"RH_SomMot_8","SomMot",1.33649461002071,1,7,6,TRUE,TRUE
"PUT",124,"RH_SomMot_9","SomMot",2.39922811946528,1,7,6,TRUE,TRUE
"PUT",125,"RH_SomMot_10","SomMot",0.936650315196713,1,6,6,TRUE,FALSE
"PUT",126,"RH_SomMot_11","SomMot",1.33642012788481,1,7,6,TRUE,TRUE
"PUT",127,"RH_SomMot_12","SomMot",3.03203765636534,1,6,6,TRUE,FALSE
"PUT",128,"RH_SomMot_13","SomMot",1.94864210027057,1,6,6,TRUE,FALSE
"PUT",129,"RH_SomMot_14","SomMot",2.48450500894178,1,7,6,TRUE,TRUE
"PUT",130,"RH_SomMot_15","SomMot",1.63965896403876,1,7,6,TRUE,TRUE
"PUT",131,"RH_SomMot_16","SomMot",2.05397933386903,1,7,6,TRUE,TRUE
"PUT",132,"RH_SomMot_17","SomMot",2.72185956285605,1,7,6,TRUE,TRUE
"PUT",133,"RH_SomMot_18","SomMot",1.94413099781924,1,7,6,TRUE,TRUE
"PUT",134,"RH_SomMot_19","SomMot",1.93618788014158,1,6,6,TRUE,FALSE
"PUT",135,"RH_DorsAttn_Post_1","DorsAttn",1.53432613655907,1,6,6,TRUE,FALSE
"PUT",136,"RH_DorsAttn_Post_2","DorsAttn",1.04395044259777,1,6,6,TRUE,FALSE
"PUT",137,"RH_DorsAttn_Post_3","DorsAttn",4.3739758352013,1,7,6,TRUE,TRUE
"PUT",138,"RH_DorsAttn_Post_4","DorsAttn",1.48117634113482,1,6,6,TRUE,FALSE
"PUT",139,"RH_DorsAttn_Post_5","DorsAttn",3.03931322149352,1,7,6,TRUE,TRUE
"PUT",140,"RH_DorsAttn_Post_6","DorsAttn",1.59813675599246,1,6,6,TRUE,FALSE
"PUT",141,"RH_DorsAttn_Post_7","DorsAttn",1.42940015144047,1,6,6,TRUE,FALSE
"PUT",142,"RH_DorsAttn_Post_8","DorsAttn",0.918441916359769,1,6,6,TRUE,FALSE
"PUT",143,"RH_DorsAttn_Post_9","DorsAttn",1.07782319671515,1,6,6,TRUE,FALSE
"PUT",144,"RH_DorsAttn_Post_10","DorsAttn",1.57292858058776,1,7,6,TRUE,TRUE
"PUT",145,"RH_DorsAttn_FEF_1","DorsAttn",1.45691167679445,1,6,6,TRUE,FALSE
"PUT",146,"RH_DorsAttn_FEF_2","DorsAttn",1.0747370802231,1,6,6,TRUE,FALSE
"PUT",147,"RH_DorsAttn_PrCv_1","DorsAttn",1.15492551608818,1,7,6,TRUE,TRUE
"PUT",148,"RH_SalVentAttn_TempOccPar_1","SalVentAttn",1.11050589731459,1,6,6,TRUE,FALSE
"PUT",149,"RH_SalVentAttn_TempOccPar_2","SalVentAttn",0.519489885562765,1,6,5,TRUE,TRUE
"PUT",150,"RH_SalVentAttn_TempOccPar_3","SalVentAttn",0.644305254953029,1,7,6,TRUE,TRUE
"PUT",151,"RH_SalVentAttn_PrC_1","SalVentAttn",0.898252908941913,1,7,6,TRUE,TRUE
"PUT",152,"RH_SalVentAttn_FrOperIns_1","SalVentAttn",1.02306542892624,1,7,6,TRUE,TRUE
"PUT",153,"RH_SalVentAttn_FrOperIns_2","SalVentAttn",1.15884925635036,1,6,6,TRUE,FALSE
"PUT",154,"RH_SalVentAttn_FrOperIns_3","SalVentAttn",0.91002439746645,1,6,5,TRUE,TRUE
"PUT",155,"RH_SalVentAttn_FrOperIns_4","SalVentAttn",0.585961752418549,1,6,6,TRUE,FALSE
"PUT",156,"RH_SalVentAttn_Med_1","SalVentAttn",0.784032118317607,1,6,6,TRUE,FALSE
"PUT",157,"RH_SalVentAttn_Med_2","SalVentAttn",1.17293036919604,1,6,6,TRUE,FALSE
"PUT",158,"RH_SalVentAttn_Med_3","SalVentAttn",0.571212204595935,1,6,6,TRUE,FALSE
"PUT",159,"RH_Limbic_OFC_1","Limbic",1.57288258888329,1,7,6,TRUE,TRUE
"PUT",160,"RH_Limbic_OFC_2","Limbic",3.53986792384941,1,7,6,TRUE,TRUE
"PUT",161,"RH_Limbic_OFC_3","Limbic",2.31580544925736,1,7,6,TRUE,TRUE
"PUT",162,"RH_Limbic_TempPole_1","Limbic",1.5903131927777,1,4,4,FALSE,FALSE
"PUT",163,"RH_Limbic_TempPole_2","Limbic",2.01731514543538,1,7,6,TRUE,TRUE
"PUT",164,"RH_Limbic_TempPole_3","Limbic",1.16667336765382,1,5,5,FALSE,FALSE
"PUT",165,"RH_Cont_Par_1","Cont",0.765267579821927,1,7,6,TRUE,TRUE
"PUT",166,"RH_Cont_Par_2","Cont",1.36648087060587,1,7,6,TRUE,TRUE
"PUT",167,"RH_Cont_Par_3","Cont",1.98892516491397,1,6,6,TRUE,FALSE
"PUT",168,"RH_Cont_Temp_1","Cont",2.29217188140642,1,6,6,TRUE,FALSE
"PUT",169,"RH_Cont_PFCv_1","Cont",2.45912887229025,1,7,6,TRUE,TRUE
"PUT",170,"RH_Cont_PFCl_1","Cont",6.79568821762162,1,7,6,TRUE,TRUE
"PUT",171,"RH_Cont_PFCl_2","Cont",2.27659971645262,1,7,6,TRUE,TRUE
"PUT",172,"RH_Cont_PFCl_3","Cont",1.38524536905001,1,7,6,TRUE,TRUE
"PUT",173,"RH_Cont_PFCl_4","Cont",2.05868176052433,1,7,6,TRUE,TRUE
"PUT",174,"RH_Cont_PFCl_5","Cont",2.4530363110693,1,6,6,TRUE,FALSE
"PUT",175,"RH_Cont_PFCl_6","Cont",2.59729280839455,1,7,6,TRUE,TRUE
"PUT",176,"RH_Cont_PFCl_7","Cont",2.64773181168051,1,7,6,TRUE,TRUE
"PUT",177,"RH_Cont_pCun_1","Cont",0.73841754789396,1,6,6,TRUE,FALSE
"PUT",178,"RH_Cont_Cing_1","Cont",1.01703141677317,1,7,6,TRUE,TRUE
"PUT",179,"RH_Cont_Cing_2","Cont",2.36504905603638,1,7,6,TRUE,TRUE
"PUT",180,"RH_Cont_PFCmp_1","Cont",1.57170685309368,1,7,6,TRUE,TRUE
"PUT",181,"RH_Cont_PFCmp_2","Cont",2.42518360806993,1,7,6,TRUE,TRUE
"PUT",182,"RH_Default_Par_1","Default",1.58799191757679,1,6,6,TRUE,FALSE
"PUT",183,"RH_Default_Par_2","Default",1.24009832272829,1,6,6,TRUE,FALSE
"PUT",184,"RH_Default_Par_3","Default",1.8334220692302,1,7,6,TRUE,TRUE
"PUT",185,"RH_Default_Temp_1","Default",2.12518912597378,1,7,6,TRUE,TRUE
"PUT",186,"RH_Default_Temp_2","Default",1.88240713827402,1,7,6,TRUE,TRUE
"PUT",187,"RH_Default_Temp_3","Default",1.00778859817944,1,6,6,TRUE,FALSE
"PUT",188,"RH_Default_Temp_4","Default",1.86890939547349,1,6,6,TRUE,FALSE
"PUT",189,"RH_Default_Temp_5","Default",0.910276375848211,1,6,6,TRUE,FALSE
"PUT",190,"RH_Default_PFCv_1","Default",1.7913682532976,1,7,6,TRUE,TRUE
"PUT",191,"RH_Default_PFCdPFCm_1","Default",2.38823890975377,1,6,6,TRUE,FALSE
"PUT",192,"RH_Default_PFCdPFCm_2","Default",1.64095584797391,1,7,6,TRUE,TRUE
"PUT",193,"RH_Default_PFCdPFCm_3","Default",1.24804965995365,1,7,6,TRUE,TRUE
"PUT",194,"RH_Default_PFCdPFCm_4","Default",1.75245358273371,1,7,6,TRUE,TRUE
"PUT",195,"RH_Default_PFCdPFCm_5","Default",3.40362361448503,1,7,6,TRUE,TRUE
"PUT",196,"RH_Default_PFCdPFCm_6","Default",1.6200410372249,1,7,6,TRUE,TRUE
"PUT",197,"RH_Default_PFCdPFCm_7","Default",1.93458104579613,1,7,6,TRUE,TRUE
"PUT",198,"RH_Default_pCunPCC_1","Default",1.11704627775034,1,6,6,TRUE,FALSE
"PUT",199,"RH_Default_pCunPCC_2","Default",2.20340913156375,1,7,6,TRUE,TRUE
"PUT",200,"RH_Default_pCunPCC_3","Default",1.30430265583217,1,6,6,TRUE,FALSE
"PUT",201,"Subcortex_aHIP-rh","Subcortex",2.25043104779779,1,7,6,TRUE,TRUE
"PUT",202,"Subcortex_pHIP-rh","Subcortex",0.891345929487172,1,7,6,TRUE,TRUE
"PUT",203,"Subcortex_lAMY-rh","Subcortex",0.720828331230532,1,5,5,FALSE,FALSE
"PUT",204,"Subcortex_mAMY-rh","Subcortex",1.07291089264254,1,5,4,FALSE,TRUE
"PUT",205,"Subcortex_THA-DP-rh","Subcortex",1.39652350116894,1,7,6,TRUE,TRUE
"PUT",206,"Subcortex_THA-VP-rh","Subcortex",0.718857466261582,1,6,5,TRUE,TRUE
"PUT",207,"Subcortex_THA-VA-rh","Subcortex",1.20077843251028,1,7,6,TRUE,TRUE
"PUT",208,"Subcortex_THA-DA-rh","Subcortex",1.4831091856457,1,7,6,TRUE,TRUE
"PUT",209,"Subcortex_NAc-shell-rh","Subcortex",0.177019575553424,1,6,5,TRUE,TRUE
"PUT",210,"Subcortex_NAc-core-rh","Subcortex",1.57532923118908,1,6,6,TRUE,FALSE
"PUT",211,"Subcortex_pGP-rh","Subcortex",0.977751639553815,1,6,6,TRUE,FALSE
"PUT",212,"Subcortex_aGP-rh","Subcortex",0.39766071453051,1,5,5,FALSE,FALSE
"PUT",215,"Subcortex_aCAU-rh","Subcortex",1.11773122048113,1,7,6,TRUE,TRUE
"PUT",216,"Subcortex_pCAU-rh","Subcortex",1.2439593201414,1,7,6,TRUE,TRUE
"PUT",217,"Subcortex_aHIP-lh","Subcortex",1.40662719039797,1,6,6,TRUE,FALSE
"PUT",218,"Subcortex_pHIP-lh","Subcortex",1.60256518266327,1,6,6,TRUE,FALSE
"PUT",219,"Subcortex_lAMY-lh","Subcortex",0.38722206266407,1,4,4,FALSE,FALSE
"PUT",220,"Subcortex_mAMY-lh","Subcortex",0.38320012053116,1,5,5,FALSE,FALSE
"PUT",221,"Subcortex_THA-DP-lh","Subcortex",1.00200027568494,1,7,6,TRUE,TRUE
"PUT",222,"Subcortex_THA-VP-lh","Subcortex",0.763067279045049,1,4,4,FALSE,FALSE
"PUT",223,"Subcortex_THA-VA-lh","Subcortex",1.05718313671015,1,7,6,TRUE,TRUE
"PUT",224,"Subcortex_THA-DA-lh","Subcortex",1.04425693165015,1,6,6,TRUE,FALSE
"PUT",225,"Subcortex_NAc-shell-lh","Subcortex",0.935062527429534,1,5,4,FALSE,TRUE
"PUT",226,"Subcortex_NAc-core-lh","Subcortex",0.681723974266879,1,6,6,TRUE,FALSE
"PUT",227,"Subcortex_pGP-lh","Subcortex",0.954632419474498,1,5,5,FALSE,FALSE
"PUT",228,"Subcortex_aGP-lh","Subcortex",0.722867268736519,1,6,5,TRUE,TRUE
"PUT",231,"Subcortex_aCAU-lh","Subcortex",0.977545940845945,1,6,5,TRUE,TRUE
"PUT",232,"Subcortex_pCAU-lh","Subcortex",1.3654903797054,1,6,5,TRUE,TRUE
"THA",1,"LH_Vis_1","Vis",0.845449510467993,1,6,6,TRUE,FALSE
"THA",2,"LH_Vis_2","Vis",0.897904298562641,1,7,6,TRUE,TRUE
"THA",3,"LH_Vis_3","Vis",0.781338443674436,1,7,6,TRUE,TRUE
"THA",4,"LH_Vis_4","Vis",0.640302520909901,1,6,6,TRUE,FALSE
"THA",5,"LH_Vis_5","Vis",-0.0914478945444922,-1,6,5,TRUE,TRUE
"THA",6,"LH_Vis_6","Vis",0.737868258124816,1,7,6,TRUE,TRUE
"THA",7,"LH_Vis_7","Vis",0.226672134231906,1,6,6,TRUE,FALSE
"THA",8,"LH_Vis_8","Vis",0.722723787396645,1,7,6,TRUE,TRUE
"THA",9,"LH_Vis_9","Vis",0.518762744002474,1,6,6,TRUE,FALSE
"THA",10,"LH_Vis_10","Vis",0.571671428329419,1,7,6,TRUE,TRUE
"THA",11,"LH_Vis_11","Vis",0.701818802382363,1,7,6,TRUE,TRUE
"THA",12,"LH_Vis_12","Vis",0.733816722078877,1,7,6,TRUE,TRUE
"THA",13,"LH_Vis_13","Vis",0.757149128538399,1,7,6,TRUE,TRUE
"THA",14,"LH_Vis_14","Vis",0.982382715592055,1,7,6,TRUE,TRUE
"THA",15,"LH_SomMot_1","SomMot",0.818518628423139,1,7,6,TRUE,TRUE
"THA",16,"LH_SomMot_2","SomMot",0.867579187935606,1,7,6,TRUE,TRUE
"THA",17,"LH_SomMot_3","SomMot",0.798379357991015,1,7,6,TRUE,TRUE
"THA",18,"LH_SomMot_4","SomMot",0.741471398458691,1,7,6,TRUE,TRUE
"THA",19,"LH_SomMot_5","SomMot",0.616197123772756,1,7,6,TRUE,TRUE
"THA",20,"LH_SomMot_6","SomMot",0.618731953622965,1,7,6,TRUE,TRUE
"THA",21,"LH_SomMot_7","SomMot",0.673396118242422,1,7,6,TRUE,TRUE
"THA",22,"LH_SomMot_8","SomMot",0.813665812108483,1,7,6,TRUE,TRUE
"THA",23,"LH_SomMot_9","SomMot",0.95216192923517,1,6,6,TRUE,FALSE
"THA",24,"LH_SomMot_10","SomMot",1.21087701951394,1,7,6,TRUE,TRUE
"THA",25,"LH_SomMot_11","SomMot",0.863051851135407,1,7,6,TRUE,TRUE
"THA",26,"LH_SomMot_12","SomMot",0.924826992650383,1,7,6,TRUE,TRUE
"THA",27,"LH_SomMot_13","SomMot",0.841061900924979,1,7,6,TRUE,TRUE
"THA",28,"LH_SomMot_14","SomMot",0.821005868114477,1,7,6,TRUE,TRUE
"THA",29,"LH_SomMot_15","SomMot",1.05026892281137,1,7,6,TRUE,TRUE
"THA",30,"LH_SomMot_16","SomMot",1.10109015906703,1,7,6,TRUE,TRUE
"THA",31,"LH_DorsAttn_Post_1","DorsAttn",0.741772359090565,1,7,6,TRUE,TRUE
"THA",32,"LH_DorsAttn_Post_2","DorsAttn",0.895621384985302,1,7,6,TRUE,TRUE
"THA",33,"LH_DorsAttn_Post_3","DorsAttn",1.02381532889632,1,7,6,TRUE,TRUE
"THA",34,"LH_DorsAttn_Post_4","DorsAttn",0.991582453200724,1,7,6,TRUE,TRUE
"THA",35,"LH_DorsAttn_Post_5","DorsAttn",1.07515619904709,1,7,6,TRUE,TRUE
"THA",36,"LH_DorsAttn_Post_6","DorsAttn",1.11942633568296,1,7,6,TRUE,TRUE
"THA",37,"LH_DorsAttn_Post_7","DorsAttn",0.936603258590962,1,7,6,TRUE,TRUE
"THA",38,"LH_DorsAttn_Post_8","DorsAttn",0.924381850688728,1,7,6,TRUE,TRUE
"THA",39,"LH_DorsAttn_Post_9","DorsAttn",0.759935658013328,1,6,6,TRUE,FALSE
"THA",40,"LH_DorsAttn_Post_10","DorsAttn",1.09665908538312,1,7,6,TRUE,TRUE
"THA",41,"LH_DorsAttn_FEF_1","DorsAttn",1.05962023432591,1,7,6,TRUE,TRUE
"THA",42,"LH_DorsAttn_FEF_2","DorsAttn",1.07848335057725,1,7,6,TRUE,TRUE
"THA",43,"LH_DorsAttn_PrCv_1","DorsAttn",1.21436683814837,1,7,6,TRUE,TRUE
"THA",44,"LH_SalVentAttn_ParOper_1","SalVentAttn",0.663347309506919,1,7,6,TRUE,TRUE
"THA",45,"LH_SalVentAttn_ParOper_2","SalVentAttn",0.656075559223277,1,7,6,TRUE,TRUE
"THA",46,"LH_SalVentAttn_ParOper_3","SalVentAttn",1.01422674398375,1,7,6,TRUE,TRUE
"THA",47,"LH_SalVentAttn_FrOperIns_1","SalVentAttn",0.887368977049635,1,7,6,TRUE,TRUE
"THA",48,"LH_SalVentAttn_FrOperIns_2","SalVentAttn",1.10088796888698,1,7,6,TRUE,TRUE
"THA",49,"LH_SalVentAttn_FrOperIns_3","SalVentAttn",0.726601714321873,1,7,6,TRUE,TRUE
"THA",50,"LH_SalVentAttn_FrOperIns_4","SalVentAttn",1.15457253456612,1,7,6,TRUE,TRUE
"THA",51,"LH_SalVentAttn_PFCl_1","SalVentAttn",1.06945262240226,1,6,6,TRUE,FALSE
"THA",52,"LH_SalVentAttn_Med_1","SalVentAttn",0.955498412243704,1,7,6,TRUE,TRUE
"THA",53,"LH_SalVentAttn_Med_2","SalVentAttn",1.28848570056628,1,7,6,TRUE,TRUE
"THA",54,"LH_SalVentAttn_Med_3","SalVentAttn",0.829738259768093,1,7,6,TRUE,TRUE
"THA",55,"LH_Limbic_OFC_1","Limbic",1.09009963428898,1,7,6,TRUE,TRUE
"THA",56,"LH_Limbic_OFC_2","Limbic",1.11262474417532,1,7,6,TRUE,TRUE
"THA",57,"LH_Limbic_TempPole_1","Limbic",0.494731056297347,1,6,5,TRUE,TRUE
"THA",58,"LH_Limbic_TempPole_2","Limbic",-0.0626941046257669,-1,2,2,FALSE,FALSE
"THA",59,"LH_Limbic_TempPole_3","Limbic",0.509846041246988,1,4,4,FALSE,FALSE
"THA",60,"LH_Limbic_TempPole_4","Limbic",1.34953090556897,1,6,6,TRUE,FALSE
"THA",61,"LH_Cont_Par_1","Cont",1.47522413251482,1,7,6,TRUE,TRUE
"THA",62,"LH_Cont_Par_2","Cont",1.02994117947633,1,7,6,TRUE,TRUE
"THA",63,"LH_Cont_Par_3","Cont",1.21808349111886,1,7,6,TRUE,TRUE
"THA",64,"LH_Cont_Temp_1","Cont",1.04860806134416,1,7,6,TRUE,TRUE
"THA",65,"LH_Cont_OFC_1","Cont",1.35186736519174,1,7,6,TRUE,TRUE
"THA",66,"LH_Cont_PFCl_1","Cont",0.99597260540921,1,7,6,TRUE,TRUE
"THA",67,"LH_Cont_PFCl_2","Cont",1.01374351705175,1,6,6,TRUE,FALSE
"THA",68,"LH_Cont_PFCl_3","Cont",1.49297170163075,1,7,6,TRUE,TRUE
"THA",69,"LH_Cont_PFCl_4","Cont",1.01105840883685,1,7,6,TRUE,TRUE
"THA",70,"LH_Cont_PFCl_5","Cont",0.814235536479687,1,7,6,TRUE,TRUE
"THA",71,"LH_Cont_pCun_1","Cont",0.76718005930605,1,6,6,TRUE,FALSE
"THA",72,"LH_Cont_Cing_1","Cont",0.889462834585451,1,7,6,TRUE,TRUE
"THA",73,"LH_Cont_Cing_2","Cont",0.697605145254978,1,7,6,TRUE,TRUE
"THA",74,"LH_Default_Temp_1","Default",0.871105970499136,1,7,6,TRUE,TRUE
"THA",75,"LH_Default_Temp_2","Default",0.632150095995852,1,6,6,TRUE,FALSE
"THA",76,"LH_Default_Temp_3","Default",0.600789337265262,1,6,6,TRUE,FALSE
"THA",77,"LH_Default_Temp_4","Default",0.719556939188885,1,6,6,TRUE,FALSE
"THA",78,"LH_Default_Temp_5","Default",0.918381971317461,1,7,6,TRUE,TRUE
"THA",79,"LH_Default_Par_1","Default",0.844624079387397,1,6,6,TRUE,FALSE
"THA",80,"LH_Default_Par_2","Default",0.710541035334633,1,6,6,TRUE,FALSE
"THA",81,"LH_Default_Par_3","Default",0.880011221143584,1,7,6,TRUE,TRUE
"THA",82,"LH_Default_Par_4","Default",0.872471254016065,1,6,6,TRUE,FALSE
"THA",83,"LH_Default_PFC_1","Default",0.840337886060717,1,7,6,TRUE,TRUE
"THA",84,"LH_Default_PFC_2","Default",1.09506250327782,1,7,6,TRUE,TRUE
"THA",85,"LH_Default_PFC_3","Default",0.922194776902273,1,7,6,TRUE,TRUE
"THA",86,"LH_Default_PFC_4","Default",0.400786174050591,1,5,5,FALSE,FALSE
"THA",87,"LH_Default_PFC_5","Default",1.07653395484653,1,7,6,TRUE,TRUE
"THA",88,"LH_Default_PFC_6","Default",0.776908309501627,1,6,6,TRUE,FALSE
"THA",89,"LH_Default_PFC_7","Default",0.678363059916613,1,6,6,TRUE,FALSE
"THA",90,"LH_Default_PFC_8","Default",0.997272409641765,1,7,6,TRUE,TRUE
"THA",91,"LH_Default_PFC_9","Default",0.795413395866677,1,6,6,TRUE,FALSE
"THA",92,"LH_Default_PFC_10","Default",0.837696267612296,1,7,6,TRUE,TRUE
"THA",93,"LH_Default_PFC_11","Default",1.00499291488039,1,6,6,TRUE,FALSE
"THA",94,"LH_Default_PFC_12","Default",0.879458533079256,1,6,6,TRUE,FALSE
"THA",95,"LH_Default_PFC_13","Default",0.850488330508354,1,7,6,TRUE,TRUE
"THA",96,"LH_Default_pCunPCC_1","Default",0.766806742898618,1,6,6,TRUE,FALSE
"THA",97,"LH_Default_pCunPCC_2","Default",0.680843795858592,1,6,6,TRUE,FALSE
"THA",98,"LH_Default_pCunPCC_3","Default",0.789005915064377,1,7,6,TRUE,TRUE
"THA",99,"LH_Default_pCunPCC_4","Default",0.868966648777006,1,6,6,TRUE,FALSE
"THA",100,"LH_Default_PHC_1","Default",0.901871896823283,1,6,6,TRUE,FALSE
"THA",101,"RH_Vis_1","Vis",0.740851255622572,1,7,6,TRUE,TRUE
"THA",102,"RH_Vis_2","Vis",1.14990982930542,1,7,6,TRUE,TRUE
"THA",103,"RH_Vis_3","Vis",0.863774972660532,1,7,6,TRUE,TRUE
"THA",104,"RH_Vis_4","Vis",0.688070719215182,1,7,6,TRUE,TRUE
"THA",105,"RH_Vis_5","Vis",1.04090292786062,1,7,6,TRUE,TRUE
"THA",106,"RH_Vis_6","Vis",0.491597871156371,1,6,6,TRUE,FALSE
"THA",107,"RH_Vis_7","Vis",0.538034753660619,1,7,6,TRUE,TRUE
"THA",108,"RH_Vis_8","Vis",0.665886025234093,1,6,6,TRUE,FALSE
"THA",109,"RH_Vis_9","Vis",0.637868817864913,1,6,6,TRUE,FALSE
"THA",110,"RH_Vis_10","Vis",0.2451698517504,1,7,6,TRUE,TRUE
"THA",111,"RH_Vis_11","Vis",0.919422065501778,1,7,6,TRUE,TRUE
"THA",112,"RH_Vis_12","Vis",0.80603898461382,1,7,6,TRUE,TRUE
"THA",113,"RH_Vis_13","Vis",0.741415548800327,1,7,6,TRUE,TRUE
"THA",114,"RH_Vis_14","Vis",0.936376427060109,1,7,6,TRUE,TRUE
"THA",115,"RH_Vis_15","Vis",1.05757297579423,1,6,6,TRUE,FALSE
"THA",116,"RH_SomMot_1","SomMot",0.994112822634173,1,7,6,TRUE,TRUE
"THA",117,"RH_SomMot_2","SomMot",0.840269002202649,1,7,6,TRUE,TRUE
"THA",118,"RH_SomMot_3","SomMot",0.926116908521647,1,7,6,TRUE,TRUE
"THA",119,"RH_SomMot_4","SomMot",0.791433489302644,1,7,6,TRUE,TRUE
"THA",120,"RH_SomMot_5","SomMot",0.689205992301342,1,7,6,TRUE,TRUE
"THA",121,"RH_SomMot_6","SomMot",0.722128287611114,1,7,6,TRUE,TRUE
"THA",122,"RH_SomMot_7","SomMot",0.704839867341143,1,7,6,TRUE,TRUE
"THA",123,"RH_SomMot_8","SomMot",1.10794612814151,1,7,6,TRUE,TRUE
"THA",124,"RH_SomMot_9","SomMot",0.933603955257913,1,7,6,TRUE,TRUE
"THA",125,"RH_SomMot_10","SomMot",0.651172110590621,1,7,6,TRUE,TRUE
"THA",126,"RH_SomMot_11","SomMot",0.846723148203969,1,7,6,TRUE,TRUE
"THA",127,"RH_SomMot_12","SomMot",1.28460997149737,1,7,6,TRUE,TRUE
"THA",128,"RH_SomMot_13","SomMot",0.939740489173744,1,7,6,TRUE,TRUE
"THA",129,"RH_SomMot_14","SomMot",0.863119290161233,1,7,6,TRUE,TRUE
"THA",130,"RH_SomMot_15","SomMot",0.853790077976507,1,7,6,TRUE,TRUE
"THA",131,"RH_SomMot_16","SomMot",0.943626301612622,1,7,6,TRUE,TRUE
"THA",132,"RH_SomMot_17","SomMot",0.856516645957231,1,6,6,TRUE,FALSE
"THA",133,"RH_SomMot_18","SomMot",1.3266463569164,1,7,6,TRUE,TRUE
"THA",134,"RH_SomMot_19","SomMot",1.98070036443271,1,7,6,TRUE,TRUE
"THA",135,"RH_DorsAttn_Post_1","DorsAttn",1.28497137411003,1,7,6,TRUE,TRUE
"THA",136,"RH_DorsAttn_Post_2","DorsAttn",1.01896427069954,1,7,6,TRUE,TRUE
"THA",137,"RH_DorsAttn_Post_3","DorsAttn",1.29175606523394,1,7,6,TRUE,TRUE
"THA",138,"RH_DorsAttn_Post_4","DorsAttn",1.30200102983889,1,7,6,TRUE,TRUE
"THA",139,"RH_DorsAttn_Post_5","DorsAttn",1.15868426234763,1,7,6,TRUE,TRUE
"THA",140,"RH_DorsAttn_Post_6","DorsAttn",1.32479440281068,1,7,6,TRUE,TRUE
"THA",141,"RH_DorsAttn_Post_7","DorsAttn",1.15919307104761,1,7,6,TRUE,TRUE
"THA",142,"RH_DorsAttn_Post_8","DorsAttn",1.05568603204966,1,6,6,TRUE,FALSE
"THA",143,"RH_DorsAttn_Post_9","DorsAttn",1.23648559696748,1,7,6,TRUE,TRUE
"THA",144,"RH_DorsAttn_Post_10","DorsAttn",1.0626236969513,1,7,6,TRUE,TRUE
"THA",145,"RH_DorsAttn_FEF_1","DorsAttn",1.63282788159414,1,7,6,TRUE,TRUE
"THA",146,"RH_DorsAttn_FEF_2","DorsAttn",1.07472876106479,1,6,6,TRUE,FALSE
"THA",147,"RH_DorsAttn_PrCv_1","DorsAttn",1.20013028577782,1,7,6,TRUE,TRUE
"THA",148,"RH_SalVentAttn_TempOccPar_1","SalVentAttn",0.950406836700866,1,7,6,TRUE,TRUE
"THA",149,"RH_SalVentAttn_TempOccPar_2","SalVentAttn",0.740075889613688,1,7,6,TRUE,TRUE
"THA",150,"RH_SalVentAttn_TempOccPar_3","SalVentAttn",0.790348758955563,1,7,6,TRUE,TRUE
"THA",151,"RH_SalVentAttn_PrC_1","SalVentAttn",1.14103157208599,1,7,6,TRUE,TRUE
"THA",152,"RH_SalVentAttn_FrOperIns_1","SalVentAttn",0.829166321817879,1,7,6,TRUE,TRUE
"THA",153,"RH_SalVentAttn_FrOperIns_2","SalVentAttn",0.894726495883006,1,7,6,TRUE,TRUE
"THA",154,"RH_SalVentAttn_FrOperIns_3","SalVentAttn",1.20977903056194,1,7,6,TRUE,TRUE
"THA",155,"RH_SalVentAttn_FrOperIns_4","SalVentAttn",1.00333153102013,1,7,6,TRUE,TRUE
"THA",156,"RH_SalVentAttn_Med_1","SalVentAttn",1.03281445845127,1,7,6,TRUE,TRUE
"THA",157,"RH_SalVentAttn_Med_2","SalVentAttn",1.75888216780566,1,7,6,TRUE,TRUE
"THA",158,"RH_SalVentAttn_Med_3","SalVentAttn",0.96628324983051,1,7,6,TRUE,TRUE
"THA",159,"RH_Limbic_OFC_1","Limbic",2.41458093336705,1,7,6,TRUE,TRUE
"THA",160,"RH_Limbic_OFC_2","Limbic",0.864961877764133,1,7,6,TRUE,TRUE
"THA",161,"RH_Limbic_OFC_3","Limbic",0.53673624211895,1,6,6,TRUE,FALSE
"THA",162,"RH_Limbic_TempPole_1","Limbic",1.08888496267531,1,6,6,TRUE,FALSE
"THA",163,"RH_Limbic_TempPole_2","Limbic",0.870978282323805,1,7,6,TRUE,TRUE
"THA",164,"RH_Limbic_TempPole_3","Limbic",0.549498147034655,1,5,5,FALSE,FALSE
"THA",165,"RH_Cont_Par_1","Cont",1.15978723468626,1,7,6,TRUE,TRUE
"THA",166,"RH_Cont_Par_2","Cont",1.11806734771833,1,7,6,TRUE,TRUE
"THA",167,"RH_Cont_Par_3","Cont",1.22600272110987,1,7,6,TRUE,TRUE
"THA",168,"RH_Cont_Temp_1","Cont",1.23652667424599,1,7,6,TRUE,TRUE
"THA",169,"RH_Cont_PFCv_1","Cont",1.12376851635241,1,7,6,TRUE,TRUE
"THA",170,"RH_Cont_PFCl_1","Cont",1.34072398565891,1,7,6,TRUE,TRUE
"THA",171,"RH_Cont_PFCl_2","Cont",0.799683625336182,1,6,6,TRUE,FALSE
"THA",172,"RH_Cont_PFCl_3","Cont",1.3500086733292,1,7,6,TRUE,TRUE
"THA",173,"RH_Cont_PFCl_4","Cont",1.29631381451605,1,7,6,TRUE,TRUE
"THA",174,"RH_Cont_PFCl_5","Cont",1.18088141150927,1,6,6,TRUE,FALSE
"THA",175,"RH_Cont_PFCl_6","Cont",1.00105040788651,1,7,6,TRUE,TRUE
"THA",176,"RH_Cont_PFCl_7","Cont",1.11755655235074,1,7,6,TRUE,TRUE
"THA",177,"RH_Cont_pCun_1","Cont",0.910136034116168,1,6,6,TRUE,FALSE
"THA",178,"RH_Cont_Cing_1","Cont",0.715254775036538,1,7,6,TRUE,TRUE
"THA",179,"RH_Cont_Cing_2","Cont",1.231033222362,1,7,6,TRUE,TRUE
"THA",180,"RH_Cont_PFCmp_1","Cont",1.00943210899855,1,6,6,TRUE,FALSE
"THA",181,"RH_Cont_PFCmp_2","Cont",1.07300650928781,1,7,6,TRUE,TRUE
"THA",182,"RH_Default_Par_1","Default",0.968795715935874,1,6,6,TRUE,FALSE
"THA",183,"RH_Default_Par_2","Default",0.986161038787375,1,7,6,TRUE,TRUE
"THA",184,"RH_Default_Par_3","Default",0.860891928769008,1,7,6,TRUE,TRUE
"THA",185,"RH_Default_Temp_1","Default",1.0628068269326,1,7,6,TRUE,TRUE
"THA",186,"RH_Default_Temp_2","Default",0.889245940499633,1,7,6,TRUE,TRUE
"THA",187,"RH_Default_Temp_3","Default",0.728417597185764,1,6,6,TRUE,FALSE
"THA",188,"RH_Default_Temp_4","Default",0.907615270531324,1,7,6,TRUE,TRUE
"THA",189,"RH_Default_Temp_5","Default",0.927074130599494,1,6,6,TRUE,FALSE
"THA",190,"RH_Default_PFCv_1","Default",1.15079162298859,1,7,6,TRUE,TRUE
"THA",191,"RH_Default_PFCdPFCm_1","Default",1.45429975526325,1,7,6,TRUE,TRUE
"THA",192,"RH_Default_PFCdPFCm_2","Default",0.877852976034795,1,7,6,TRUE,TRUE
"THA",193,"RH_Default_PFCdPFCm_3","Default",0.852748266487599,1,6,6,TRUE,FALSE
"THA",194,"RH_Default_PFCdPFCm_4","Default",0.753665763336479,1,6,6,TRUE,FALSE
"THA",195,"RH_Default_PFCdPFCm_5","Default",0.913603415390312,1,7,6,TRUE,TRUE
"THA",196,"RH_Default_PFCdPFCm_6","Default",0.967338485720232,1,6,6,TRUE,FALSE
"THA",197,"RH_Default_PFCdPFCm_7","Default",0.951439373092392,1,6,6,TRUE,FALSE
"THA",198,"RH_Default_pCunPCC_1","Default",0.86517210849213,1,6,6,TRUE,FALSE
"THA",199,"RH_Default_pCunPCC_2","Default",0.711294583620471,1,6,6,TRUE,FALSE
"THA",200,"RH_Default_pCunPCC_3","Default",0.745655616272039,1,6,6,TRUE,FALSE
"THA",201,"Subcortex_aHIP-rh","Subcortex",0.798676666993897,1,6,6,TRUE,FALSE
"THA",202,"Subcortex_pHIP-rh","Subcortex",0.62215467352123,1,7,6,TRUE,TRUE
"THA",203,"Subcortex_lAMY-rh","Subcortex",0.274016764428779,1,5,5,FALSE,FALSE
"THA",204,"Subcortex_mAMY-rh","Subcortex",0.488061514397613,1,6,6,TRUE,FALSE
"THA",209,"Subcortex_NAc-shell-rh","Subcortex",0.366960095070589,1,7,6,TRUE,TRUE
"THA",210,"Subcortex_NAc-core-rh","Subcortex",1.65396938815816,1,7,6,TRUE,TRUE
"THA",211,"Subcortex_pGP-rh","Subcortex",1.21777682470532,1,6,6,TRUE,FALSE
"THA",212,"Subcortex_aGP-rh","Subcortex",0.349348544265773,1,5,5,FALSE,FALSE
"THA",213,"Subcortex_aPUT-rh","Subcortex",1.20409870772466,1,7,6,TRUE,TRUE
"THA",214,"Subcortex_pPUT-rh","Subcortex",1.11870317335794,1,7,6,TRUE,TRUE
"THA",215,"Subcortex_aCAU-rh","Subcortex",0.572621510361472,1,6,6,TRUE,FALSE
"THA",216,"Subcortex_pCAU-rh","Subcortex",0.692635206178397,1,6,6,TRUE,FALSE
"THA",217,"Subcortex_aHIP-lh","Subcortex",0.475513228517789,1,7,6,TRUE,TRUE
"THA",218,"Subcortex_pHIP-lh","Subcortex",1.20667120201283,1,5,5,FALSE,FALSE
"THA",219,"Subcortex_lAMY-lh","Subcortex",0.659032311146545,1,5,5,FALSE,FALSE
"THA",220,"Subcortex_mAMY-lh","Subcortex",0.52028012896278,1,3,3,FALSE,FALSE
"THA",225,"Subcortex_NAc-shell-lh","Subcortex",1.25488271201448,1,5,5,FALSE,FALSE
"THA",226,"Subcortex_NAc-core-lh","Subcortex",0.460088480664264,1,7,6,TRUE,TRUE
"THA",227,"Subcortex_pGP-lh","Subcortex",4.27741278511093,1,7,6,TRUE,TRUE
"THA",228,"Subcortex_aGP-lh","Subcortex",1.19539327205333,1,6,5,TRUE,TRUE
"THA",229,"Subcortex_aPUT-lh","Subcortex",1.25729653290228,1,6,5,TRUE,TRUE
"THA",230,"Subcortex_pPUT-lh","Subcortex",0.911507876052523,1,7,6,TRUE,TRUE
"THA",231,"Subcortex_aCAU-lh","Subcortex",0.615895035383531,1,7,6,TRUE,TRUE
"THA",232,"Subcortex_pCAU-lh","Subcortex",0.759548136907956,1,6,6,TRUE,FALSE
